date,rate
5/1/1999,0.539
6/1/1999,0.5372
7/1/1999,0.5381
8/1/1999,0.5422
11/1/1999,0.541
12/1/1999,0.5469
13/01/1999,0.5442
14/01/1999,0.5389
15/01/1999,0.5387
18/01/1999,0.5387
19/01/1999,0.5372
20/01/1999,0.5369
21/01/1999,0.541
22/01/1999,0.5431
25/01/1999,0.5389
26/01/1999,0.5346
27/01/1999,0.5367
28/01/1999,0.5352
29/01/1999,0.5361
1/2/1999,0.5416
2/2/1999,0.5427
3/2/1999,0.5452
4/2/1999,0.5521
5/2/1999,0.551
8/2/1999,0.5502
9/2/1999,0.5569
10/2/1999,0.5526
11/2/1999,0.5517
12/2/1999,0.5514
15/02/1999,0.5493
16/02/1999,0.5455
17/02/1999,0.5369
18/02/1999,0.5393
19/02/1999,0.5396
22/02/1999,0.5435
23/02/1999,0.5408
24/02/1999,0.5397
25/02/1999,0.5327
26/02/1999,0.526
1/3/1999,0.5214
2/3/1999,0.5267
3/3/1999,0.528
4/3/1999,0.5271
5/3/1999,0.5307
8/3/1999,0.5308
9/3/1999,0.5324
10/3/1999,0.5337
11/3/1999,0.5365
12/3/1999,0.5352
15/03/1999,0.5341
16/03/1999,0.5305
17/03/1999,0.527
18/03/1999,0.5276
19/03/1999,0.5312
22/03/1999,0.5328
23/03/1999,0.5373
24/03/1999,0.5394
25/03/1999,0.5405
26/03/1999,0.5372
29/03/1999,0.5347
30/03/1999,0.5337
31/03/1999,0.5316
1/4/1999,0.5351
6/4/1999,0.5314
7/4/1999,0.5317
8/4/1999,0.5309
9/4/1999,0.5329
12/4/1999,0.5376
13/04/1999,0.5397
14/04/1999,0.5406
15/04/1999,0.5404
16/04/1999,0.5446
19/04/1999,0.5445
20/04/1999,0.5484
21/04/1999,0.5462
22/04/1999,0.5449
23/04/1999,0.5492
26/04/1999,0.5485
27/04/1999,0.5485
30/04/1999,0.557
3/5/1999,0.5592
4/5/1999,0.5603
5/5/1999,0.5571
6/5/1999,0.5592
7/5/1999,0.5637
10/5/1999,0.5593
11/5/1999,0.5582
12/5/1999,0.5625
13/05/1999,0.5592
14/05/1999,0.5625
17/05/1999,0.5577
18/05/1999,0.5593
19/05/1999,0.5549
20/05/1999,0.5509
21/05/1999,0.5503
24/05/1999,0.5451
25/05/1999,0.5457
26/05/1999,0.5382
27/05/1999,0.5352
28/05/1999,0.5347
31/05/1999,0.5363
1/6/1999,0.5334
2/6/1999,0.5289
3/6/1999,0.5271
4/6/1999,0.5263
8/6/1999,0.5314
9/6/1999,0.5288
10/6/1999,0.5328
11/6/1999,0.5374
14/06/1999,0.5403
15/06/1999,0.5382
16/06/1999,0.5329
17/06/1999,0.5349
18/06/1999,0.5349
21/06/1999,0.532
22/06/1999,0.5292
23/06/1999,0.5324
24/06/1999,0.5352
25/06/1999,0.5344
28/06/1999,0.5353
29/06/1999,0.5336
30/06/1999,0.5286
1/7/1999,0.5339
2/7/1999,0.5334
5/7/1999,0.5314
6/7/1999,0.5308
7/7/1999,0.5237
8/7/1999,0.5268
9/7/1999,0.5255
12/7/1999,0.5272
13/07/1999,0.5242
14/07/1999,0.5229
15/07/1999,0.5216
16/07/1999,0.5244
19/07/1999,0.5244
20/07/1999,0.5223
21/07/1999,0.5226
22/07/1999,0.5274
23/07/1999,0.5304
26/07/1999,0.5314
27/07/1999,0.527
28/07/1999,0.5242
29/07/1999,0.525
30/07/1999,0.5289
2/8/1999,0.5297
3/8/1999,0.5283
4/8/1999,0.5358
5/8/1999,0.5369
6/8/1999,0.5317
9/8/1999,0.5274
10/8/1999,0.5299
11/8/1999,0.529
12/8/1999,0.5308
13/08/1999,0.5286
16/08/1999,0.531
17/08/1999,0.5275
18/08/1999,0.53
19/08/1999,0.5347
20/08/1999,0.5299
23/08/1999,0.5332
24/08/1999,0.5267
25/08/1999,0.5242
26/08/1999,0.5162
27/08/1999,0.5096
30/08/1999,0.5109
31/08/1999,0.5156
1/9/1999,0.5173
2/9/1999,0.5123
3/9/1999,0.5174
6/9/1999,0.5176
7/9/1999,0.5223
8/9/1999,0.5277
9/9/1999,0.5266
10/9/1999,0.5339
13/09/1999,0.5309
14/09/1999,0.5356
15/09/1999,0.5282
16/09/1999,0.5254
17/09/1999,0.5254
20/09/1999,0.5238
21/09/1999,0.5208
22/09/1999,0.5244
23/09/1999,0.5254
24/09/1999,0.5171
27/09/1999,0.5178
28/09/1999,0.5145
29/09/1999,0.5139
30/09/1999,0.5166
1/10/1999,0.518
4/10/1999,0.518
5/10/1999,0.5227
6/10/1999,0.5227
7/10/1999,0.5209
8/10/1999,0.5185
11/10/1999,0.5142
12/10/1999,0.5168
13/10/1999,0.5173
14/10/1999,0.5084
15/10/1999,0.5109
18/10/1999,0.5106
19/10/1999,0.5089
20/10/1999,0.5118
21/10/1999,0.514
22/10/1999,0.5161
26/10/1999,0.5153
27/10/1999,0.5127
28/10/1999,0.5083
29/10/1999,0.5117
1/11/1999,0.5082
2/11/1999,0.5096
3/11/1999,0.5111
4/11/1999,0.5132
5/11/1999,0.5149
8/11/1999,0.5127
9/11/1999,0.5096
10/11/1999,0.51
11/11/1999,0.5122
12/11/1999,0.5131
15/11/1999,0.517
16/11/1999,0.5219
17/11/1999,0.5162
18/11/1999,0.5136
19/11/1999,0.5136
22/11/1999,0.5107
23/11/1999,0.5095
24/11/1999,0.5119
25/11/1999,0.5103
26/11/1999,0.5124
29/11/1999,0.5108
30/11/1999,0.5121
1/12/1999,0.5091
2/12/1999,0.5109
3/12/1999,0.5074
6/12/1999,0.504
7/12/1999,0.5066
8/12/1999,0.5089
9/12/1999,0.5074
10/12/1999,0.5062
13/12/1999,0.4944
14/12/1999,0.4948
15/12/1999,0.4933
16/12/1999,0.4956
17/12/1999,0.508
20/12/1999,0.5069
21/12/1999,0.5094
22/12/1999,0.5163
23/12/1999,0.5173
24/12/1999,0.5161
29/12/1999,0.5233
30/12/1999,0.521
31/12/1999,0.5233
5/1/2000,0.5195
6/1/2000,0.5207
7/1/2000,0.5143
10/1/2000,0.5164
11/1/2000,0.5157
12/1/2000,0.5173
13/01/2000,0.519
14/01/2000,0.5238
17/01/2000,0.5204
18/01/2000,0.5198
19/01/2000,0.5164
20/01/2000,0.5144
21/01/2000,0.5148
24/01/2000,0.5088
25/01/2000,0.5064
26/01/2000,0.508
27/01/2000,0.5079
28/01/2000,0.5051
31/01/2000,0.4942
1/2/2000,0.4964
2/2/2000,0.4931
3/2/2000,0.4949
4/2/2000,0.4948
7/2/2000,0.4956
8/2/2000,0.4943
9/2/2000,0.492
10/2/2000,0.494
11/2/2000,0.4914
14/02/2000,0.4932
15/02/2000,0.4863
16/02/2000,0.4872
17/02/2000,0.4929
18/02/2000,0.4942
21/02/2000,0.49
22/02/2000,0.4884
23/02/2000,0.4906
24/02/2000,0.4898
25/02/2000,0.4874
28/02/2000,0.4879
29/02/2000,0.4861
1/3/2000,0.4895
2/3/2000,0.4875
3/3/2000,0.4877
6/3/2000,0.4887
7/3/2000,0.4828
8/3/2000,0.4845
9/3/2000,0.4883
10/3/2000,0.4937
13/03/2000,0.4924
14/03/2000,0.4934
15/03/2000,0.4873
16/03/2000,0.4892
17/03/2000,0.4886
20/03/2000,0.4846
21/03/2000,0.4867
22/03/2000,0.4891
23/03/2000,0.4869
24/03/2000,0.4876
27/03/2000,0.4928
28/03/2000,0.5028
29/03/2000,0.5053
30/03/2000,0.4998
31/03/2000,0.5012
3/4/2000,0.4973
4/4/2000,0.5007
5/4/2000,0.5003
6/4/2000,0.5014
7/4/2000,0.5007
10/4/2000,0.4971
11/4/2000,0.4972
12/4/2000,0.499
13/04/2000,0.5001
14/04/2000,0.498
17/04/2000,0.5012
18/04/2000,0.4948
19/04/2000,0.4948
20/04/2000,0.4977
26/04/2000,0.4938
27/04/2000,0.4867
28/04/2000,0.4871
1/5/2000,0.4854
2/5/2000,0.4869
3/5/2000,0.485
4/5/2000,0.4905
5/5/2000,0.4892
8/5/2000,0.4909
9/5/2000,0.4815
10/5/2000,0.4809
11/5/2000,0.4769
12/5/2000,0.4767
15/05/2000,0.4796
16/05/2000,0.4726
17/05/2000,0.4713
18/05/2000,0.4627
19/05/2000,0.4529
22/05/2000,0.4551
23/05/2000,0.4597
24/05/2000,0.4548
25/05/2000,0.455
26/05/2000,0.4562
29/05/2000,0.459
30/05/2000,0.4579
31/05/2000,0.4589
1/6/2000,0.4574
2/6/2000,0.4564
6/6/2000,0.4675
7/6/2000,0.4726
8/6/2000,0.4734
9/6/2000,0.4684
12/6/2000,0.4678
13/06/2000,0.4701
14/06/2000,0.4724
15/06/2000,0.4709
16/06/2000,0.4683
19/06/2000,0.4778
20/06/2000,0.4743
21/06/2000,0.4749
22/06/2000,0.4754
23/06/2000,0.4709
26/06/2000,0.4713
27/06/2000,0.4703
28/06/2000,0.4718
29/06/2000,0.4696
30/06/2000,0.4678
3/7/2000,0.4691
4/7/2000,0.4667
5/7/2000,0.4647
6/7/2000,0.4608
7/7/2000,0.4607
10/7/2000,0.4616
11/7/2000,0.4619
12/7/2000,0.4602
13/07/2000,0.4607
14/07/2000,0.4604
17/07/2000,0.4602
18/07/2000,0.4594
19/07/2000,0.457
20/07/2000,0.4557
21/07/2000,0.4619
24/07/2000,0.4621
25/07/2000,0.4598
26/07/2000,0.4595
27/07/2000,0.4623
28/07/2000,0.4581
31/07/2000,0.457
1/8/2000,0.4551
2/8/2000,0.4529
3/8/2000,0.4546
4/8/2000,0.4565
7/8/2000,0.4557
8/8/2000,0.4554
9/8/2000,0.4539
10/8/2000,0.4516
11/8/2000,0.4527
14/08/2000,0.4495
15/08/2000,0.4504
16/08/2000,0.4473
17/08/2000,0.4522
18/08/2000,0.4522
21/08/2000,0.4507
22/08/2000,0.4495
23/08/2000,0.4395
24/08/2000,0.4261
25/08/2000,0.4348
28/08/2000,0.4354
29/08/2000,0.4341
30/08/2000,0.427
31/08/2000,0.4311
1/9/2000,0.4279
4/9/2000,0.4302
5/9/2000,0.4287
6/9/2000,0.4267
7/9/2000,0.4248
8/9/2000,0.4189
11/9/2000,0.4212
12/9/2000,0.4271
13/09/2000,0.4256
14/09/2000,0.4227
15/09/2000,0.42
18/09/2000,0.4151
19/09/2000,0.4093
20/09/2000,0.4142
21/09/2000,0.4067
22/09/2000,0.4091
25/09/2000,0.4143
26/09/2000,0.4145
27/09/2000,0.4144
28/09/2000,0.4169
29/09/2000,0.4071
2/10/2000,0.408
3/10/2000,0.4052
4/10/2000,0.4039
5/10/2000,0.4052
6/10/2000,0.4008
9/10/2000,0.4036
10/10/2000,0.4042
11/10/2000,0.4064
12/10/2000,0.4039
13/10/2000,0.3985
16/10/2000,0.3992
17/10/2000,0.3954
18/10/2000,0.3944
19/10/2000,0.3944
20/10/2000,0.3958
24/10/2000,0.4001
25/10/2000,0.4018
26/10/2000,0.3986
27/10/2000,0.4014
30/10/2000,0.4036
31/10/2000,0.402
1/11/2000,0.3945
2/11/2000,0.3988
3/11/2000,0.398
6/11/2000,0.3996
7/11/2000,0.3984
8/11/2000,0.3987
9/11/2000,0.3976
10/11/2000,0.3997
13/11/2000,0.3942
14/11/2000,0.3955
15/11/2000,0.3965
16/11/2000,0.3982
17/11/2000,0.4012
20/11/2000,0.4006
21/11/2000,0.3955
22/11/2000,0.3922
23/11/2000,0.4013
24/11/2000,0.4001
27/11/2000,0.4001
28/11/2000,0.4063
29/11/2000,0.4037
30/11/2000,0.4036
1/12/2000,0.4127
4/12/2000,0.4162
5/12/2000,0.4234
6/12/2000,0.4203
7/12/2000,0.4282
8/12/2000,0.4275
11/12/2000,0.4262
12/12/2000,0.4223
13/12/2000,0.4227
14/12/2000,0.4219
15/12/2000,0.4264
18/12/2000,0.4256
19/12/2000,0.4305
20/12/2000,0.4314
21/12/2000,0.4399
22/12/2000,0.4388
27/12/2000,0.4421
28/12/2000,0.4449
29/12/2000,0.4402
3/1/2001,0.4456
4/1/2001,0.4384
5/1/2001,0.4462
8/1/2001,0.4527
9/1/2001,0.4518
10/1/2001,0.4482
11/1/2001,0.4449
12/1/2001,0.4512
15/01/2001,0.447
16/01/2001,0.4419
17/01/2001,0.4449
18/01/2001,0.4451
19/01/2001,0.4494
22/01/2001,0.447
23/01/2001,0.4484
24/01/2001,0.4463
25/01/2001,0.4379
26/01/2001,0.4371
29/01/2001,0.4363
30/01/2001,0.4345
31/01/2001,0.4413
1/2/2001,0.4437
2/2/2001,0.4478
5/2/2001,0.4454
7/2/2001,0.4422
8/2/2001,0.4434
9/2/2001,0.4345
12/2/2001,0.4354
13/02/2001,0.438
14/02/2001,0.4348
15/02/2001,0.429
16/02/2001,0.4254
19/02/2001,0.4302
20/02/2001,0.4317
21/02/2001,0.4283
22/02/2001,0.4297
23/02/2001,0.4307
26/02/2001,0.4354
27/02/2001,0.4299
28/02/2001,0.4323
1/3/2001,0.4305
2/3/2001,0.4336
5/3/2001,0.4361
6/3/2001,0.4338
7/3/2001,0.4329
8/3/2001,0.4234
9/3/2001,0.4231
12/3/2001,0.4198
13/03/2001,0.4207
14/03/2001,0.4175
15/03/2001,0.4137
16/03/2001,0.4114
19/03/2001,0.4169
20/03/2001,0.4177
21/03/2001,0.4221
22/03/2001,0.4142
23/03/2001,0.4147
26/03/2001,0.4138
27/03/2001,0.4133
28/03/2001,0.4127
29/03/2001,0.4106
30/03/2001,0.4066
2/4/2001,0.404
3/4/2001,0.3984
4/4/2001,0.4049
5/4/2001,0.4065
6/4/2001,0.4046
9/4/2001,0.4066
10/4/2001,0.3994
11/4/2001,0.4029
12/4/2001,0.4048
17/04/2001,0.4104
18/04/2001,0.4042
19/04/2001,0.4039
20/04/2001,0.41
23/04/2001,0.4123
24/04/2001,0.4114
26/04/2001,0.4111
27/04/2001,0.4131
30/04/2001,0.4115
1/5/2001,0.4144
2/5/2001,0.4196
3/5/2001,0.4227
4/5/2001,0.4209
7/5/2001,0.422
8/5/2001,0.4208
9/5/2001,0.4183
10/5/2001,0.4261
11/5/2001,0.4247
14/05/2001,0.4222
15/05/2001,0.4191
16/05/2001,0.4189
17/05/2001,0.4237
18/05/2001,0.4256
21/05/2001,0.4283
22/05/2001,0.4265
23/05/2001,0.4242
24/05/2001,0.421
25/05/2001,0.4252
28/05/2001,0.4241
29/05/2001,0.423
30/05/2001,0.4212
31/05/2001,0.4164
1/6/2001,0.4105
5/6/2001,0.4109
6/6/2001,0.4115
7/6/2001,0.4127
8/6/2001,0.4159
11/6/2001,0.4194
12/6/2001,0.4174
13/06/2001,0.4191
14/06/2001,0.4228
15/06/2001,0.4178
18/06/2001,0.4157
19/06/2001,0.4147
20/06/2001,0.4151
21/06/2001,0.4139
22/06/2001,0.4123
25/06/2001,0.4141
26/06/2001,0.4136
27/06/2001,0.4182
28/06/2001,0.4163
29/06/2001,0.4043
2/7/2001,0.4062
3/7/2001,0.4074
4/7/2001,0.4084
5/7/2001,0.4064
6/7/2001,0.4035
9/7/2001,0.4052
10/7/2001,0.4068
11/7/2001,0.4067
12/7/2001,0.4049
13/07/2001,0.4059
16/07/2001,0.4078
17/07/2001,0.4066
18/07/2001,0.4071
19/07/2001,0.4147
20/07/2001,0.4135
23/07/2001,0.4094
24/07/2001,0.4097
25/07/2001,0.412
26/07/2001,0.4127
27/07/2001,0.4117
30/07/2001,0.4132
31/07/2001,0.4123
1/8/2001,0.4134
2/8/2001,0.4171
3/8/2001,0.4203
6/8/2001,0.4177
7/8/2001,0.4193
8/8/2001,0.4193
9/8/2001,0.4241
10/8/2001,0.425
13/08/2001,0.4256
14/08/2001,0.4279
15/08/2001,0.4311
16/08/2001,0.4342
17/08/2001,0.433
20/08/2001,0.4398
21/08/2001,0.4367
22/08/2001,0.4394
23/08/2001,0.44
24/08/2001,0.4404
27/08/2001,0.4407
28/08/2001,0.4377
29/08/2001,0.4401
30/08/2001,0.4396
31/08/2001,0.442
3/9/2001,0.4388
4/9/2001,0.4367
5/9/2001,0.4323
6/9/2001,0.4321
7/9/2001,0.4321
10/9/2001,0.4338
11/9/2001,0.4307
12/9/2001,0.4287
13/09/2001,0.4261
14/09/2001,0.4233
17/09/2001,0.4209
18/09/2001,0.4119
19/09/2001,0.412
20/09/2001,0.411
21/09/2001,0.4106
24/09/2001,0.4007
25/09/2001,0.4024
26/09/2001,0.4069
27/09/2001,0.4048
28/09/2001,0.4012
1/10/2001,0.4065
2/10/2001,0.4066
3/10/2001,0.4049
4/10/2001,0.4071
5/10/2001,0.4107
8/10/2001,0.4142
9/10/2001,0.4169
10/10/2001,0.4124
11/10/2001,0.4132
12/10/2001,0.4157
15/10/2001,0.4207
16/10/2001,0.421
17/10/2001,0.4189
18/10/2001,0.4182
19/10/2001,0.4164
23/10/2001,0.4191
24/10/2001,0.4189
25/10/2001,0.4185
26/10/2001,0.4119
29/10/2001,0.4108
30/10/2001,0.4146
31/10/2001,0.4134
1/11/2001,0.4111
2/11/2001,0.4157
5/11/2001,0.4154
6/11/2001,0.4157
7/11/2001,0.4199
8/11/2001,0.42
9/11/2001,0.4204
12/11/2001,0.4226
13/11/2001,0.4225
14/11/2001,0.422
15/11/2001,0.4198
16/11/2001,0.4174
19/11/2001,0.4165
20/11/2001,0.4169
21/11/2001,0.4156
22/11/2001,0.4102
23/11/2001,0.4101
26/11/2001,0.4119
27/11/2001,0.4129
28/11/2001,0.4154
29/11/2001,0.4144
30/11/2001,0.4125
3/12/2001,0.4171
4/12/2001,0.414
5/12/2001,0.4121
6/12/2001,0.4151
7/12/2001,0.4172
10/12/2001,0.4144
11/12/2001,0.4145
12/12/2001,0.4177
13/12/2001,0.4207
14/12/2001,0.4188
17/12/2001,0.4192
18/12/2001,0.4161
19/12/2001,0.4168
20/12/2001,0.4148
21/12/2001,0.411
24/12/2001,0.4149
27/12/2001,0.4149
28/12/2001,0.4151
31/12/2001,0.4155
3/1/2002,0.4223
4/1/2002,0.4247
7/1/2002,0.4295
8/1/2002,0.4274
9/1/2002,0.4303
10/1/2002,0.4283
11/1/2002,0.4259
14/01/2002,0.4223
15/01/2002,0.4224
16/01/2002,0.4225
17/01/2002,0.4201
18/01/2002,0.422
21/01/2002,0.4239
22/01/2002,0.4294
23/01/2002,0.4294
24/01/2002,0.4269
25/01/2002,0.4271
28/01/2002,0.4244
29/01/2002,0.4229
30/01/2002,0.42
31/01/2002,0.4161
1/2/2002,0.4167
4/2/2002,0.417
5/2/2002,0.4178
7/2/2002,0.4169
8/2/2002,0.4167
11/2/2002,0.4188
12/2/2002,0.4205
13/02/2002,0.4175
14/02/2002,0.4179
15/02/2002,0.4218
18/02/2002,0.4219
19/02/2002,0.4221
20/02/2002,0.4216
21/02/2002,0.4204
22/02/2002,0.4191
25/02/2002,0.4175
26/02/2002,0.4171
27/02/2002,0.4175
28/02/2002,0.4193
1/3/2002,0.4215
4/3/2002,0.426
5/3/2002,0.425
6/3/2002,0.4254
7/3/2002,0.4286
8/3/2002,0.4307
11/3/2002,0.4293
12/3/2002,0.4282
13/03/2002,0.4295
14/03/2002,0.4292
15/03/2002,0.4313
18/03/2002,0.4363
19/03/2002,0.4355
20/03/2002,0.433
21/03/2002,0.4403
22/03/2002,0.4388
25/03/2002,0.438
26/03/2002,0.4373
27/03/2002,0.436
28/03/2002,0.436
2/4/2002,0.4419
3/4/2002,0.4407
4/4/2002,0.4396
5/4/2002,0.4411
8/4/2002,0.4362
9/4/2002,0.435
10/4/2002,0.4362
11/4/2002,0.4397
12/4/2002,0.4438
15/04/2002,0.4406
16/04/2002,0.4388
17/04/2002,0.4412
18/04/2002,0.4455
19/04/2002,0.4473
22/04/2002,0.4474
23/04/2002,0.4481
24/04/2002,0.4449
26/04/2002,0.4482
29/04/2002,0.451
30/04/2002,0.4472
1/5/2002,0.4476
2/5/2002,0.4494
3/5/2002,0.4454
6/5/2002,0.4493
7/5/2002,0.4485
8/5/2002,0.4485
9/5/2002,0.4491
10/5/2002,0.4514
13/05/2002,0.4522
14/05/2002,0.4555
15/05/2002,0.4578
16/05/2002,0.4587
17/05/2002,0.46
20/05/2002,0.4639
21/05/2002,0.466
22/05/2002,0.4664
23/05/2002,0.4728
24/05/2002,0.4685
27/05/2002,0.4705
28/05/2002,0.4732
29/05/2002,0.4757
30/05/2002,0.4766
31/05/2002,0.4753
4/6/2002,0.4867
5/6/2002,0.4907
6/6/2002,0.4913
7/6/2002,0.4913
10/6/2002,0.4868
11/6/2002,0.4867
12/6/2002,0.4889
13/06/2002,0.4934
14/06/2002,0.4875
17/06/2002,0.4842
18/06/2002,0.4835
19/06/2002,0.4874
20/06/2002,0.4873
21/06/2002,0.4921
24/06/2002,0.4969
25/06/2002,0.4927
26/06/2002,0.4965
27/06/2002,0.489
28/06/2002,0.4921
1/7/2002,0.4865
2/7/2002,0.4881
3/7/2002,0.4889
4/7/2002,0.4876
5/7/2002,0.4828
8/7/2002,0.485
9/7/2002,0.4907
10/7/2002,0.4923
11/7/2002,0.488
12/7/2002,0.4835
15/07/2002,0.4865
16/07/2002,0.4849
17/07/2002,0.4862
18/07/2002,0.482
19/07/2002,0.4828
22/07/2002,0.4858
23/07/2002,0.4789
24/07/2002,0.4743
25/07/2002,0.4705
26/07/2002,0.4675
29/07/2002,0.4668
30/07/2002,0.4683
31/07/2002,0.4678
1/8/2002,0.4645
2/8/2002,0.4612
5/8/2002,0.4635
6/8/2002,0.4571
7/8/2002,0.4526
8/8/2002,0.4551
9/8/2002,0.4553
12/8/2002,0.4573
13/08/2002,0.4632
14/08/2002,0.4576
15/08/2002,0.4615
16/08/2002,0.4666
19/08/2002,0.4681
20/08/2002,0.467
21/08/2002,0.47
22/08/2002,0.4667
23/08/2002,0.4672
26/08/2002,0.4673
27/08/2002,0.4692
28/08/2002,0.4736
29/08/2002,0.4692
30/08/2002,0.4689
2/9/2002,0.4681
3/9/2002,0.4702
4/9/2002,0.466
5/9/2002,0.4656
6/9/2002,0.4653
9/9/2002,0.4697
10/9/2002,0.4695
11/9/2002,0.4686
12/9/2002,0.4719
13/09/2002,0.4745
16/09/2002,0.472
17/09/2002,0.472
18/09/2002,0.4695
19/09/2002,0.4712
20/09/2002,0.4738
23/09/2002,0.4695
24/09/2002,0.4677
25/09/2002,0.4709
26/09/2002,0.4731
27/09/2002,0.4702
30/09/2002,0.4691
1/10/2002,0.4697
2/10/2002,0.4744
3/10/2002,0.4735
4/10/2002,0.477
7/10/2002,0.4786
8/10/2002,0.4832
9/10/2002,0.4814
10/10/2002,0.4806
11/10/2002,0.4794
14/10/2002,0.4803
15/10/2002,0.478
16/10/2002,0.4793
17/10/2002,0.4797
18/10/2002,0.4817
21/10/2002,0.4813
22/10/2002,0.484
23/10/2002,0.4828
24/10/2002,0.4841
25/10/2002,0.4862
29/10/2002,0.489
30/10/2002,0.4864
31/10/2002,0.4828
1/11/2002,0.4863
4/11/2002,0.4923
5/11/2002,0.498
6/11/2002,0.4952
7/11/2002,0.4981
8/11/2002,0.5006
11/11/2002,0.4948
12/11/2002,0.4938
13/11/2002,0.4933
14/11/2002,0.4977
15/11/2002,0.5012
18/11/2002,0.4985
19/11/2002,0.497
20/11/2002,0.4963
21/11/2002,0.4991
22/11/2002,0.5032
25/11/2002,0.503
26/11/2002,0.4992
27/11/2002,0.4962
28/11/2002,0.494
29/11/2002,0.4956
2/12/2002,0.4996
3/12/2002,0.4985
4/12/2002,0.4985
5/12/2002,0.5015
6/12/2002,0.5024
9/12/2002,0.5024
10/12/2002,0.5042
11/12/2002,0.5011
12/12/2002,0.5025
13/12/2002,0.5082
16/12/2002,0.5129
17/12/2002,0.5141
18/12/2002,0.518
19/12/2002,0.5146
20/12/2002,0.5166
23/12/2002,0.5152
24/12/2002,0.5165
27/12/2002,0.5182
30/12/2002,0.5186
31/12/2002,0.5265
3/1/2003,0.523
6/1/2003,0.5267
7/1/2003,0.5323
8/1/2003,0.5302
9/1/2003,0.5336
10/1/2003,0.5317
13/01/2003,0.5382
14/01/2003,0.5418
15/01/2003,0.5393
16/01/2003,0.5402
17/01/2003,0.545
20/01/2003,0.552
21/01/2003,0.5532
22/01/2003,0.5462
23/01/2003,0.54
24/01/2003,0.5478
27/01/2003,0.5484
28/01/2003,0.5483
29/01/2003,0.546
30/01/2003,0.5491
31/01/2003,0.5469
3/2/2003,0.5424
4/2/2003,0.5448
5/2/2003,0.5493
7/2/2003,0.5492
10/2/2003,0.5496
11/2/2003,0.55
12/2/2003,0.5508
13/02/2003,0.5475
14/02/2003,0.5541
17/02/2003,0.5511
18/02/2003,0.5493
19/02/2003,0.5496
20/02/2003,0.5536
21/02/2003,0.5582
24/02/2003,0.5585
25/02/2003,0.5653
26/02/2003,0.5643
27/02/2003,0.5653
28/02/2003,0.5613
3/3/2003,0.558
4/3/2003,0.5618
5/3/2003,0.5612
6/3/2003,0.5673
7/3/2003,0.5645
10/3/2003,0.563
11/3/2003,0.5594
12/3/2003,0.5548
13/03/2003,0.547
14/03/2003,0.5475
17/03/2003,0.5512
18/03/2003,0.547
19/03/2003,0.5484
20/03/2003,0.5495
21/03/2003,0.5528
24/03/2003,0.5524
25/03/2003,0.5517
26/03/2003,0.5494
27/03/2003,0.5475
28/03/2003,0.5504
31/03/2003,0.5513
1/4/2003,0.5552
2/4/2003,0.5553
3/4/2003,0.5514
4/4/2003,0.5467
7/4/2003,0.5383
8/4/2003,0.5398
9/4/2003,0.5453
10/4/2003,0.5472
11/4/2003,0.5475
14/04/2003,0.5443
15/04/2003,0.5472
16/04/2003,0.5532
17/04/2003,0.5569
22/04/2003,0.5548
23/04/2003,0.5613
24/04/2003,0.5528
28/04/2003,0.5551
29/04/2003,0.5555
30/04/2003,0.5587
1/5/2003,0.5617
2/5/2003,0.5626
5/5/2003,0.5626
6/5/2003,0.5668
7/5/2003,0.573
8/5/2003,0.5683
9/5/2003,0.5759
12/5/2003,0.5796
13/05/2003,0.5796
14/05/2003,0.576
15/05/2003,0.5751
16/05/2003,0.5705
19/05/2003,0.5859
20/05/2003,0.5823
21/05/2003,0.5882
22/05/2003,0.5812
23/05/2003,0.5822
26/05/2003,0.5842
27/05/2003,0.5854
28/05/2003,0.5817
29/05/2003,0.5753
30/05/2003,0.5774
3/6/2003,0.5803
4/6/2003,0.5801
5/6/2003,0.5819
6/6/2003,0.5785
9/6/2003,0.5763
10/6/2003,0.573
11/6/2003,0.5716
12/6/2003,0.5768
13/06/2003,0.579
16/06/2003,0.5821
17/06/2003,0.5825
18/06/2003,0.5846
19/06/2003,0.5846
20/06/2003,0.5828
23/06/2003,0.5832
24/06/2003,0.5863
25/06/2003,0.5863
26/06/2003,0.5854
27/06/2003,0.5803
30/06/2003,0.582
1/7/2003,0.5873
2/7/2003,0.593
3/7/2003,0.5946
4/7/2003,0.5957
7/7/2003,0.5952
8/7/2003,0.5991
9/7/2003,0.5908
10/7/2003,0.5869
11/7/2003,0.5882
14/07/2003,0.5894
15/07/2003,0.5852
16/07/2003,0.5797
17/07/2003,0.585
18/07/2003,0.5733
21/07/2003,0.5725
22/07/2003,0.5742
23/07/2003,0.5754
24/07/2003,0.5828
25/07/2003,0.5859
28/07/2003,0.5867
29/07/2003,0.587
30/07/2003,0.5887
31/07/2003,0.5824
1/8/2003,0.5824
4/8/2003,0.5846
5/8/2003,0.5801
6/8/2003,0.5816
7/8/2003,0.5791
8/8/2003,0.5799
11/8/2003,0.5812
12/8/2003,0.5883
13/08/2003,0.586
14/08/2003,0.589
15/08/2003,0.5876
18/08/2003,0.5905
19/08/2003,0.5854
20/08/2003,0.5844
21/08/2003,0.5884
22/08/2003,0.5852
25/08/2003,0.5834
26/08/2003,0.5783
27/08/2003,0.5748
28/08/2003,0.5663
29/08/2003,0.5715
1/9/2003,0.5775
2/9/2003,0.5769
3/9/2003,0.5661
4/9/2003,0.5658
5/9/2003,0.5702
8/9/2003,0.5772
9/9/2003,0.577
10/9/2003,0.5837
11/9/2003,0.5814
12/9/2003,0.5824
15/09/2003,0.5832
16/09/2003,0.5874
17/09/2003,0.5845
18/09/2003,0.5839
19/09/2003,0.5866
22/09/2003,0.5989
23/09/2003,0.5967
24/09/2003,0.5918
25/09/2003,0.5955
26/09/2003,0.5943
29/09/2003,0.5902
30/09/2003,0.5935
1/10/2003,0.5969
2/10/2003,0.5998
3/10/2003,0.5984
6/10/2003,0.5934
7/10/2003,0.5948
8/10/2003,0.5987
9/10/2003,0.599
10/10/2003,0.5995
13/10/2003,0.6013
14/10/2003,0.5969
15/10/2003,0.5958
16/10/2003,0.5934
17/10/2003,0.5945
20/10/2003,0.5978
21/10/2003,0.5957
22/10/2003,0.6044
23/10/2003,0.6065
24/10/2003,0.6097
28/10/2003,0.6118
29/10/2003,0.6126
30/10/2003,0.6117
31/10/2003,0.6106
3/11/2003,0.6127
4/11/2003,0.6056
5/11/2003,0.6129
6/11/2003,0.6165
7/11/2003,0.6132
10/11/2003,0.616
11/11/2003,0.6229
12/11/2003,0.6272
13/11/2003,0.6257
14/11/2003,0.6309
17/11/2003,0.6319
18/11/2003,0.6263
19/11/2003,0.6374
20/11/2003,0.6371
21/11/2003,0.6404
24/11/2003,0.6416
25/11/2003,0.6363
26/11/2003,0.6379
27/11/2003,0.6422
28/11/2003,0.6402
1/12/2003,0.6403
2/12/2003,0.6436
3/12/2003,0.6465
4/12/2003,0.6458
5/12/2003,0.6451
8/12/2003,0.6458
9/12/2003,0.6478
10/12/2003,0.6492
11/12/2003,0.6474
12/12/2003,0.6471
15/12/2003,0.6441
16/12/2003,0.6495
17/12/2003,0.6513
18/12/2003,0.6453
19/12/2003,0.6482
22/12/2003,0.6435
23/12/2003,0.6413
24/12/2003,0.6429
29/12/2003,0.6469
30/12/2003,0.6518
31/12/2003,0.6545
5/1/2004,0.6593
6/1/2004,0.6706
7/1/2004,0.6714
8/1/2004,0.6715
9/1/2004,0.6777
12/1/2004,0.6821
13/01/2004,0.6818
14/01/2004,0.6833
15/01/2004,0.68
16/01/2004,0.6715
19/01/2004,0.6638
20/01/2004,0.6557
21/01/2004,0.666
22/01/2004,0.6723
23/01/2004,0.6773
26/01/2004,0.671
27/01/2004,0.6688
28/01/2004,0.6785
29/01/2004,0.6754
30/01/2004,0.6691
2/2/2004,0.673
3/2/2004,0.6737
4/2/2004,0.6806
5/2/2004,0.6818
9/2/2004,0.6887
10/2/2004,0.6961
11/2/2004,0.6969
12/2/2004,0.7008
13/02/2004,0.6985
16/02/2004,0.7011
17/02/2004,0.7062
18/02/2004,0.7095
19/02/2004,0.7004
20/02/2004,0.7027
23/02/2004,0.6825
24/02/2004,0.6821
25/02/2004,0.6907
26/02/2004,0.688
27/02/2004,0.6871
1/3/2004,0.6865
2/3/2004,0.6895
3/3/2004,0.6807
4/3/2004,0.6697
5/3/2004,0.6684
8/3/2004,0.6757
9/3/2004,0.6785
10/3/2004,0.6772
11/3/2004,0.6573
12/3/2004,0.6466
15/03/2004,0.6416
16/03/2004,0.646
17/03/2004,0.6511
18/03/2004,0.6517
19/03/2004,0.6591
22/03/2004,0.6554
23/03/2004,0.6616
24/03/2004,0.6615
25/03/2004,0.6506
26/03/2004,0.6469
29/03/2004,0.6479
30/03/2004,0.6513
31/03/2004,0.6565
1/4/2004,0.668
2/4/2004,0.6678
5/4/2004,0.6557
6/4/2004,0.6515
7/4/2004,0.6557
8/4/2004,0.6588
13/04/2004,0.6627
14/04/2004,0.6521
15/04/2004,0.6349
16/04/2004,0.6387
19/04/2004,0.6407
20/04/2004,0.6432
21/04/2004,0.6288
22/04/2004,0.6219
23/04/2004,0.6285
26/04/2004,0.6245
27/04/2004,0.6303
28/04/2004,0.6306
29/04/2004,0.6229
30/04/2004,0.6216
3/5/2004,0.6277
4/5/2004,0.6258
5/5/2004,0.6326
6/5/2004,0.6365
7/5/2004,0.6298
10/5/2004,0.6167
11/5/2004,0.6055
12/5/2004,0.609
13/05/2004,0.6119
14/05/2004,0.5995
17/05/2004,0.6034
18/05/2004,0.5935
19/05/2004,0.5993
20/05/2004,0.6066
21/05/2004,0.6083
24/05/2004,0.6094
25/05/2004,0.6085
26/05/2004,0.6173
27/05/2004,0.6221
28/05/2004,0.633
31/05/2004,0.6309
1/6/2004,0.6338
2/6/2004,0.6288
3/6/2004,0.6236
4/6/2004,0.6205
8/6/2004,0.6324
9/6/2004,0.6273
10/6/2004,0.6213
11/6/2004,0.6348
14/06/2004,0.6263
15/06/2004,0.6243
16/06/2004,0.6355
17/06/2004,0.6278
18/06/2004,0.6213
21/06/2004,0.6279
22/06/2004,0.6301
23/06/2004,0.6278
24/06/2004,0.6251
25/06/2004,0.6381
28/06/2004,0.6371
29/06/2004,0.6414
30/06/2004,0.6313
1/7/2004,0.6359
2/7/2004,0.6409
5/7/2004,0.6475
6/7/2004,0.6487
7/7/2004,0.6499
8/7/2004,0.6565
9/7/2004,0.6569
12/7/2004,0.6587
13/07/2004,0.6598
14/07/2004,0.6567
15/07/2004,0.6528
16/07/2004,0.6507
19/07/2004,0.6606
20/07/2004,0.6544
21/07/2004,0.6536
22/07/2004,0.639
23/07/2004,0.6412
26/07/2004,0.635
27/07/2004,0.6366
28/07/2004,0.6277
29/07/2004,0.629
30/07/2004,0.6325
2/8/2004,0.6364
3/8/2004,0.638
4/8/2004,0.6449
5/8/2004,0.6463
6/8/2004,0.6421
9/8/2004,0.6523
10/8/2004,0.6543
11/8/2004,0.6518
12/8/2004,0.6543
13/08/2004,0.6576
16/08/2004,0.6655
17/08/2004,0.665
18/08/2004,0.664
19/08/2004,0.6639
20/08/2004,0.6718
23/08/2004,0.672
24/08/2004,0.6624
25/08/2004,0.6479
26/08/2004,0.6484
27/08/2004,0.6508
30/08/2004,0.6542
31/08/2004,0.6495
1/9/2004,0.6556
2/9/2004,0.6546
3/9/2004,0.6465
6/9/2004,0.6474
7/9/2004,0.6495
8/9/2004,0.6463
9/9/2004,0.6536
10/9/2004,0.653
13/09/2004,0.6562
14/09/2004,0.6583
15/09/2004,0.6633
16/09/2004,0.657
17/09/2004,0.661
20/09/2004,0.6599
21/09/2004,0.6613
22/09/2004,0.6641
23/09/2004,0.6624
24/09/2004,0.6672
27/09/2004,0.6687
28/09/2004,0.668
29/09/2004,0.6697
30/09/2004,0.6698
1/10/2004,0.6765
4/10/2004,0.6723
5/10/2004,0.669
6/10/2004,0.6735
7/10/2004,0.6749
8/10/2004,0.6766
11/10/2004,0.6844
12/10/2004,0.6818
13/10/2004,0.6768
14/10/2004,0.6762
15/10/2004,0.6807
18/10/2004,0.6863
19/10/2004,0.6844
20/10/2004,0.6854
21/10/2004,0.6906
22/10/2004,0.6926
26/10/2004,0.7011
27/10/2004,0.6966
28/10/2004,0.6869
29/10/2004,0.6825
1/11/2004,0.6867
2/11/2004,0.6829
3/11/2004,0.6866
4/11/2004,0.6911
5/11/2004,0.6909
8/11/2004,0.6953
9/11/2004,0.6918
10/11/2004,0.6892
11/11/2004,0.6843
12/11/2004,0.6887
15/11/2004,0.6934
16/11/2004,0.7005
17/11/2004,0.6989
18/11/2004,0.7083
19/11/2004,0.7059
22/11/2004,0.7113
23/11/2004,0.71
24/11/2004,0.7124
25/11/2004,0.7104
26/11/2004,0.7153
29/11/2004,0.7161
30/11/2004,0.7156
1/12/2004,0.714
2/12/2004,0.7183
3/12/2004,0.7157
6/12/2004,0.7215
7/12/2004,0.7198
8/12/2004,0.7175
9/12/2004,0.7168
10/12/2004,0.7091
13/12/2004,0.7017
14/12/2004,0.7103
15/12/2004,0.71
16/12/2004,0.7177
17/12/2004,0.7098
20/12/2004,0.7149
21/12/2004,0.713
22/12/2004,0.7103
23/12/2004,0.7113
24/12/2004,0.713
29/12/2004,0.7211
30/12/2004,0.7135
31/12/2004,0.7184
5/1/2005,0.7031
6/1/2005,0.6994
7/1/2005,0.6984
10/1/2005,0.694
11/1/2005,0.6939
12/1/2005,0.6969
13/01/2005,0.7065
14/01/2005,0.7044
17/01/2005,0.6998
18/01/2005,0.6962
19/01/2005,0.6965
20/01/2005,0.7016
21/01/2005,0.7049
24/01/2005,0.7141
25/01/2005,0.7143
26/01/2005,0.7103
27/01/2005,0.7158
28/01/2005,0.7161
31/01/2005,0.7105
1/2/2005,0.7105
2/2/2005,0.7118
3/2/2005,0.7138
4/2/2005,0.7101
7/2/2005,0.7086
8/2/2005,0.7003
9/2/2005,0.699
10/2/2005,0.7038
11/2/2005,0.7114
14/02/2005,0.7138
15/02/2005,0.7147
16/02/2005,0.7162
17/02/2005,0.7137
18/02/2005,0.7176
21/02/2005,0.7229
22/02/2005,0.7255
23/02/2005,0.728
24/02/2005,0.7212
25/02/2005,0.7209
28/02/2005,0.7213
1/3/2005,0.727
2/3/2005,0.7266
3/3/2005,0.7268
4/3/2005,0.7269
7/3/2005,0.7328
8/3/2005,0.7351
9/3/2005,0.7399
10/3/2005,0.7397
11/3/2005,0.7378
14/03/2005,0.7396
15/03/2005,0.738
16/03/2005,0.7404
17/03/2005,0.7442
18/03/2005,0.7428
21/03/2005,0.7428
22/03/2005,0.7355
23/03/2005,0.7264
24/03/2005,0.7161
29/03/2005,0.7057
30/03/2005,0.7107
31/03/2005,0.7087
1/4/2005,0.7116
4/4/2005,0.7073
5/4/2005,0.7064
6/4/2005,0.7094
7/4/2005,0.7106
8/4/2005,0.7123
11/4/2005,0.7162
12/4/2005,0.7204
13/04/2005,0.7218
14/04/2005,0.726
15/04/2005,0.7146
18/04/2005,0.7164
19/04/2005,0.7167
20/04/2005,0.7245
21/04/2005,0.7272
22/04/2005,0.7268
26/04/2005,0.728
27/04/2005,0.7233
28/04/2005,0.7234
29/04/2005,0.7279
2/5/2005,0.7305
3/5/2005,0.73
4/5/2005,0.7261
5/5/2005,0.7332
6/5/2005,0.7344
9/5/2005,0.7321
10/5/2005,0.7304
11/5/2005,0.7323
12/5/2005,0.7266
13/05/2005,0.7167
16/05/2005,0.7108
17/05/2005,0.7093
18/05/2005,0.7067
19/05/2005,0.7131
20/05/2005,0.7095
23/05/2005,0.7081
24/05/2005,0.7108
25/05/2005,0.7117
26/05/2005,0.7143
27/05/2005,0.7094
30/05/2005,0.7128
31/05/2005,0.7113
1/6/2005,0.705
2/6/2005,0.6975
3/6/2005,0.7004
7/6/2005,0.7084
8/6/2005,0.7145
9/6/2005,0.7138
10/6/2005,0.7124
13/06/2005,0.7068
14/06/2005,0.7055
15/06/2005,0.7075
16/06/2005,0.7128
17/06/2005,0.7141
20/06/2005,0.7162
21/06/2005,0.7159
22/06/2005,0.7167
23/06/2005,0.7145
24/06/2005,0.7036
27/06/2005,0.7063
28/06/2005,0.7058
29/06/2005,0.7019
30/06/2005,0.6999
1/7/2005,0.6953
4/7/2005,0.6823
5/7/2005,0.6792
6/7/2005,0.6781
7/7/2005,0.6724
8/7/2005,0.6728
11/7/2005,0.6753
12/7/2005,0.6786
13/07/2005,0.6836
14/07/2005,0.6723
15/07/2005,0.6749
18/07/2005,0.6744
19/07/2005,0.6769
20/07/2005,0.6746
21/07/2005,0.6784
22/07/2005,0.6848
25/07/2005,0.6836
26/07/2005,0.6843
27/07/2005,0.6805
28/07/2005,0.6809
29/07/2005,0.6834
1/8/2005,0.6789
2/8/2005,0.6836
3/8/2005,0.6868
4/8/2005,0.691
5/8/2005,0.691
8/8/2005,0.6897
9/8/2005,0.6929
10/8/2005,0.6921
11/8/2005,0.6966
12/8/2005,0.7066
15/08/2005,0.7102
16/08/2005,0.7051
17/08/2005,0.7044
18/08/2005,0.7003
19/08/2005,0.6961
22/08/2005,0.6936
23/08/2005,0.6976
24/08/2005,0.6978
25/08/2005,0.6949
26/08/2005,0.6982
29/08/2005,0.6957
30/08/2005,0.6943
31/08/2005,0.6872
1/9/2005,0.6954
2/9/2005,0.7056
5/9/2005,0.7061
6/9/2005,0.7089
7/9/2005,0.7093
8/9/2005,0.7043
9/9/2005,0.7049
12/9/2005,0.7078
13/09/2005,0.7039
14/09/2005,0.7051
15/09/2005,0.7083
16/09/2005,0.7056
19/09/2005,0.7002
20/09/2005,0.7005
21/09/2005,0.6958
22/09/2005,0.7002
23/09/2005,0.6941
26/09/2005,0.6861
27/09/2005,0.6845
28/09/2005,0.6809
29/09/2005,0.6914
30/09/2005,0.6898
3/10/2005,0.6932
4/10/2005,0.6919
5/10/2005,0.6974
6/10/2005,0.6936
7/10/2005,0.6978
10/10/2005,0.6951
11/10/2005,0.6983
12/10/2005,0.692
13/10/2005,0.6973
14/10/2005,0.6924
17/10/2005,0.6967
18/10/2005,0.6968
19/10/2005,0.6956
20/10/2005,0.6977
21/10/2005,0.7007
25/10/2005,0.7037
26/10/2005,0.7054
27/10/2005,0.701
28/10/2005,0.7072
31/10/2005,0.7032
1/11/2005,0.7003
2/11/2005,0.6977
3/11/2005,0.6927
4/11/2005,0.6888
7/11/2005,0.6825
8/11/2005,0.68
9/11/2005,0.6838
10/11/2005,0.6872
11/11/2005,0.6861
14/11/2005,0.6866
15/11/2005,0.6784
16/11/2005,0.6852
17/11/2005,0.6844
18/11/2005,0.6874
21/11/2005,0.6867
22/11/2005,0.6889
23/11/2005,0.692
24/11/2005,0.6941
25/11/2005,0.6957
28/11/2005,0.6953
29/11/2005,0.7046
30/11/2005,0.7006
1/12/2005,0.7032
2/12/2005,0.7041
5/12/2005,0.7128
6/12/2005,0.7181
7/12/2005,0.7174
8/12/2005,0.7017
9/12/2005,0.7012
12/12/2005,0.7021
13/12/2005,0.7112
14/12/2005,0.7058
15/12/2005,0.7069
16/12/2005,0.6933
19/12/2005,0.6901
20/12/2005,0.6882
21/12/2005,0.6809
22/12/2005,0.6779
23/12/2005,0.6736
28/12/2005,0.6718
29/12/2005,0.6809
30/12/2005,0.6814
4/1/2006,0.6839
5/1/2006,0.6866
6/1/2006,0.6871
9/1/2006,0.6911
10/1/2006,0.6943
11/1/2006,0.6931
12/1/2006,0.6973
13/01/2006,0.6933
16/01/2006,0.6987
17/01/2006,0.6958
18/01/2006,0.6905
19/01/2006,0.6854
20/01/2006,0.6786
23/01/2006,0.6796
24/01/2006,0.6843
25/01/2006,0.6835
26/01/2006,0.6865
27/01/2006,0.6839
30/01/2006,0.6807
31/01/2006,0.6815
1/2/2006,0.6883
2/2/2006,0.6841
3/2/2006,0.6902
7/2/2006,0.6808
8/2/2006,0.6785
9/2/2006,0.6747
10/2/2006,0.6789
13/02/2006,0.6786
14/02/2006,0.6747
15/02/2006,0.6777
16/02/2006,0.6742
17/02/2006,0.6698
20/02/2006,0.6674
21/02/2006,0.6707
22/02/2006,0.662
23/02/2006,0.6585
24/02/2006,0.6612
27/02/2006,0.6589
28/02/2006,0.6596
1/3/2006,0.6616
2/3/2006,0.6652
3/3/2006,0.668
6/3/2006,0.6654
7/3/2006,0.6571
8/3/2006,0.6488
9/3/2006,0.6523
10/3/2006,0.6456
13/03/2006,0.6429
14/03/2006,0.6396
15/03/2006,0.642
16/03/2006,0.647
17/03/2006,0.6399
20/03/2006,0.6339
21/03/2006,0.6235
22/03/2006,0.6245
23/03/2006,0.6253
24/03/2006,0.6168
27/03/2006,0.6095
28/03/2006,0.6061
29/03/2006,0.6046
30/03/2006,0.6051
31/03/2006,0.6132
3/4/2006,0.6149
4/4/2006,0.6049
5/4/2006,0.609
6/4/2006,0.6147
7/4/2006,0.6124
10/4/2006,0.609
11/4/2006,0.6074
12/4/2006,0.6122
13/04/2006,0.6243
18/04/2006,0.6244
19/04/2006,0.63
20/04/2006,0.6334
21/04/2006,0.6255
24/04/2006,0.6345
26/04/2006,0.6258
27/04/2006,0.6311
28/04/2006,0.6332
1/5/2006,0.6372
2/5/2006,0.6342
3/5/2006,0.6405
4/5/2006,0.6401
5/5/2006,0.6401
8/5/2006,0.6425
9/5/2006,0.6331
10/5/2006,0.6303
11/5/2006,0.6247
12/5/2006,0.6309
15/05/2006,0.627
16/05/2006,0.6196
17/05/2006,0.6262
18/05/2006,0.6228
19/05/2006,0.6217
22/05/2006,0.6201
23/05/2006,0.6221
24/05/2006,0.6241
25/05/2006,0.6357
26/05/2006,0.6408
29/05/2006,0.6351
30/05/2006,0.6353
31/05/2006,0.6392
1/6/2006,0.6351
2/6/2006,0.629
6/6/2006,0.6318
7/6/2006,0.6278
8/6/2006,0.6303
9/6/2006,0.626
12/6/2006,0.6321
13/06/2006,0.626
14/06/2006,0.6205
15/06/2006,0.6233
16/06/2006,0.624
19/06/2006,0.616
20/06/2006,0.6164
21/06/2006,0.6196
22/06/2006,0.6171
23/06/2006,0.6091
26/06/2006,0.6077
27/06/2006,0.6049
28/06/2006,0.6028
29/06/2006,0.5951
30/06/2006,0.6046
3/7/2006,0.6083
4/7/2006,0.6069
5/7/2006,0.609
6/7/2006,0.6047
7/7/2006,0.6046
10/7/2006,0.6106
11/7/2006,0.6112
12/7/2006,0.6169
13/07/2006,0.6187
14/07/2006,0.6184
17/07/2006,0.6221
18/07/2006,0.621
19/07/2006,0.6238
20/07/2006,0.6253
21/07/2006,0.6223
24/07/2006,0.6239
25/07/2006,0.6228
26/07/2006,0.6248
27/07/2006,0.6212
28/07/2006,0.6188
31/07/2006,0.6185
1/8/2006,0.6192
2/8/2006,0.6203
3/8/2006,0.6226
4/8/2006,0.6182
7/8/2006,0.6264
8/8/2006,0.6241
9/8/2006,0.623
10/8/2006,0.6323
11/8/2006,0.6342
14/08/2006,0.6344
15/08/2006,0.6304
16/08/2006,0.6351
17/08/2006,0.6418
18/08/2006,0.6386
21/08/2006,0.6392
22/08/2006,0.64
23/08/2006,0.6375
24/08/2006,0.6367
25/08/2006,0.6341
28/08/2006,0.636
29/08/2006,0.6382
30/08/2006,0.645
31/08/2006,0.6501
1/9/2006,0.6558
4/9/2006,0.6573
5/9/2006,0.6511
6/9/2006,0.6453
7/9/2006,0.65
8/9/2006,0.6458
11/9/2006,0.6381
12/9/2006,0.6383
13/09/2006,0.6438
14/09/2006,0.6546
15/09/2006,0.6608
18/09/2006,0.6642
19/09/2006,0.6635
20/09/2006,0.6587
21/09/2006,0.6574
22/09/2006,0.6632
25/09/2006,0.6616
26/09/2006,0.6688
27/09/2006,0.6599
28/09/2006,0.6567
29/09/2006,0.6542
2/10/2006,0.6517
3/10/2006,0.6603
4/10/2006,0.6576
5/10/2006,0.6629
6/10/2006,0.6633
9/10/2006,0.6579
10/10/2006,0.6608
11/10/2006,0.6587
12/10/2006,0.6591
13/10/2006,0.6586
16/10/2006,0.6571
17/10/2006,0.6599
18/10/2006,0.6621
19/10/2006,0.6646
20/10/2006,0.6678
24/10/2006,0.6633
25/10/2006,0.6605
26/10/2006,0.6559
27/10/2006,0.6587
30/10/2006,0.6621
31/10/2006,0.6655
1/11/2006,0.6706
2/11/2006,0.6732
3/11/2006,0.6743
6/11/2006,0.6695
7/11/2006,0.669
8/11/2006,0.6705
9/11/2006,0.6661
10/11/2006,0.665
13/11/2006,0.666
14/11/2006,0.6588
15/11/2006,0.6627
16/11/2006,0.6597
17/11/2006,0.6648
20/11/2006,0.6654
21/11/2006,0.6696
22/11/2006,0.6702
23/11/2006,0.671
24/11/2006,0.6688
27/11/2006,0.6729
28/11/2006,0.669
29/11/2006,0.6808
30/11/2006,0.6786
1/12/2006,0.684
4/12/2006,0.6874
5/12/2006,0.6898
6/12/2006,0.6864
7/12/2006,0.6863
8/12/2006,0.6878
11/12/2006,0.6861
12/12/2006,0.6885
13/12/2006,0.6926
14/12/2006,0.6915
15/12/2006,0.6885
18/12/2006,0.6894
19/12/2006,0.6903
20/12/2006,0.6966
21/12/2006,0.6936
22/12/2006,0.6967
27/12/2006,0.6998
28/12/2006,0.7022
29/12/2006,0.7059
3/1/2007,0.7075
4/1/2007,0.7067
5/1/2007,0.6983
8/1/2007,0.6881
9/1/2007,0.6893
10/1/2007,0.6923
11/1/2007,0.6873
12/1/2007,0.6899
15/01/2007,0.6925
16/01/2007,0.6967
17/01/2007,0.6915
18/01/2007,0.6924
19/01/2007,0.695
22/01/2007,0.6956
23/01/2007,0.6996
24/01/2007,0.7015
25/01/2007,0.7016
26/01/2007,0.6957
29/01/2007,0.6961
30/01/2007,0.6959
31/01/2007,0.6878
1/2/2007,0.691
2/2/2007,0.6825
5/2/2007,0.6843
7/2/2007,0.6811
8/2/2007,0.6867
9/2/2007,0.6847
12/2/2007,0.6821
13/02/2007,0.6823
14/02/2007,0.6902
15/02/2007,0.694
16/02/2007,0.6937
19/02/2007,0.6999
20/02/2007,0.7015
21/02/2007,0.7014
22/02/2007,0.7062
23/02/2007,0.705
26/02/2007,0.708
27/02/2007,0.7102
28/02/2007,0.6998
1/3/2007,0.7008
2/3/2007,0.6931
5/3/2007,0.6872
6/3/2007,0.6746
7/3/2007,0.6834
8/3/2007,0.6783
9/3/2007,0.6856
12/3/2007,0.6932
13/03/2007,0.6978
14/03/2007,0.6861
15/03/2007,0.6919
16/03/2007,0.6954
19/03/2007,0.6959
20/03/2007,0.7034
21/03/2007,0.7055
22/03/2007,0.7102
23/03/2007,0.7107
26/03/2007,0.7111
27/03/2007,0.7167
28/03/2007,0.7167
29/03/2007,0.7103
30/03/2007,0.7128
2/4/2007,0.7148
3/4/2007,0.724
4/4/2007,0.7196
5/4/2007,0.7214
10/4/2007,0.7198
11/4/2007,0.7289
12/4/2007,0.7287
13/04/2007,0.7344
16/04/2007,0.7409
17/04/2007,0.7388
18/04/2007,0.7465
19/04/2007,0.7468
20/04/2007,0.7452
23/04/2007,0.748
24/04/2007,0.7454
26/04/2007,0.7436
27/04/2007,0.7402
30/04/2007,0.7381
1/5/2007,0.7411
2/5/2007,0.7401
3/5/2007,0.7375
4/5/2007,0.7362
7/5/2007,0.7354
8/5/2007,0.7365
9/5/2007,0.7351
10/5/2007,0.7332
11/5/2007,0.7277
14/05/2007,0.7373
15/05/2007,0.7372
16/05/2007,0.7374
17/05/2007,0.7333
18/05/2007,0.7296
21/05/2007,0.7305
22/05/2007,0.7304
23/05/2007,0.7267
24/05/2007,0.7292
25/05/2007,0.7244
28/05/2007,0.726
29/05/2007,0.7268
30/05/2007,0.7266
31/05/2007,0.7305
1/6/2007,0.7376
5/6/2007,0.7472
6/6/2007,0.7502
7/6/2007,0.7535
8/6/2007,0.7518
11/6/2007,0.7613
12/6/2007,0.7514
13/06/2007,0.7483
14/06/2007,0.7487
15/06/2007,0.7509
18/06/2007,0.7527
19/06/2007,0.7545
20/06/2007,0.7583
21/06/2007,0.7588
22/06/2007,0.7633
25/06/2007,0.7652
26/06/2007,0.7649
27/06/2007,0.7657
28/06/2007,0.7638
29/06/2007,0.7696
2/7/2007,0.7734
3/7/2007,0.7819
4/7/2007,0.7816
5/7/2007,0.7815
6/7/2007,0.7825
9/7/2007,0.7826
10/7/2007,0.7793
11/7/2007,0.7748
12/7/2007,0.7819
13/07/2007,0.7877
16/07/2007,0.7883
17/07/2007,0.793
18/07/2007,0.7897
19/07/2007,0.7933
20/07/2007,0.7937
23/07/2007,0.7965
24/07/2007,0.8064
25/07/2007,0.8049
26/07/2007,0.8016
27/07/2007,0.7811
30/07/2007,0.761
31/07/2007,0.7716
1/8/2007,0.7617
2/8/2007,0.7659
3/8/2007,0.7681
6/8/2007,0.7578
7/8/2007,0.7645
8/8/2007,0.7621
9/8/2007,0.77
10/8/2007,0.7517
13/08/2007,0.7457
14/08/2007,0.7356
15/08/2007,0.7258
16/08/2007,0.7069
17/08/2007,0.6895
20/08/2007,0.694
21/08/2007,0.6985
22/08/2007,0.6937
23/08/2007,0.7075
24/08/2007,0.7107
27/08/2007,0.7258
28/08/2007,0.7153
29/08/2007,0.6966
30/08/2007,0.7044
31/08/2007,0.7027
3/9/2007,0.7035
4/9/2007,0.7024
5/9/2007,0.6967
6/9/2007,0.6877
7/9/2007,0.6926
10/9/2007,0.6862
11/9/2007,0.6946
12/9/2007,0.7065
13/09/2007,0.7094
14/09/2007,0.7085
17/09/2007,0.7127
18/09/2007,0.7064
19/09/2007,0.7239
20/09/2007,0.7362
21/09/2007,0.7409
24/09/2007,0.7445
25/09/2007,0.7461
26/09/2007,0.7452
27/09/2007,0.7448
28/09/2007,0.754
1/10/2007,0.7598
2/10/2007,0.7666
3/10/2007,0.7562
4/10/2007,0.7542
5/10/2007,0.756
8/10/2007,0.7643
9/10/2007,0.7623
10/10/2007,0.7653
11/10/2007,0.762
12/10/2007,0.7713
15/10/2007,0.773
16/10/2007,0.7634
17/10/2007,0.748
18/10/2007,0.7521
19/10/2007,0.7537
23/10/2007,0.7475
24/10/2007,0.7564
25/10/2007,0.7556
26/10/2007,0.7615
29/10/2007,0.769
30/10/2007,0.7698
31/10/2007,0.7648
1/11/2007,0.7733
2/11/2007,0.7592
5/11/2007,0.766
6/11/2007,0.7699
7/11/2007,0.7799
8/11/2007,0.7741
9/11/2007,0.7758
12/11/2007,0.7585
13/11/2007,0.7444
14/11/2007,0.7589
15/11/2007,0.7625
16/11/2007,0.7535
19/11/2007,0.7583
20/11/2007,0.7532
21/11/2007,0.7655
22/11/2007,0.752
23/11/2007,0.7517
26/11/2007,0.7596
27/11/2007,0.7511
28/11/2007,0.7593
29/11/2007,0.7749
30/11/2007,0.7707
3/12/2007,0.7622
4/12/2007,0.7641
5/12/2007,0.7634
6/12/2007,0.7706
7/12/2007,0.7776
10/12/2007,0.7731
11/12/2007,0.7813
12/12/2007,0.7732
13/12/2007,0.7869
14/12/2007,0.7815
17/12/2007,0.7672
18/12/2007,0.7545
19/12/2007,0.755
20/12/2007,0.7554
21/12/2007,0.7612
24/12/2007,0.7642
27/12/2007,0.7667
28/12/2007,0.7711
31/12/2007,0.774
3/1/2008,0.7748
4/1/2008,0.7704
7/1/2008,0.767
8/1/2008,0.7686
9/1/2008,0.7692
10/1/2008,0.7726
11/1/2008,0.785
14/01/2008,0.7808
15/01/2008,0.7908
16/01/2008,0.7742
17/01/2008,0.7704
18/01/2008,0.7666
21/01/2008,0.7593
22/01/2008,0.7461
23/01/2008,0.764
24/01/2008,0.7662
25/01/2008,0.7741
28/01/2008,0.7676
29/01/2008,0.7783
30/01/2008,0.7778
31/01/2008,0.7844
1/2/2008,0.7878
4/2/2008,0.7916
5/2/2008,0.7925
7/2/2008,0.7872
8/2/2008,0.7886
11/2/2008,0.787
12/2/2008,0.7891
13/02/2008,0.7904
14/02/2008,0.7836
15/02/2008,0.7882
18/02/2008,0.7903
19/02/2008,0.7955
20/02/2008,0.7969
21/02/2008,0.798
22/02/2008,0.7991
25/02/2008,0.8075
26/02/2008,0.8133
27/02/2008,0.8173
28/02/2008,0.8158
29/02/2008,0.8156
3/3/2008,0.7993
4/3/2008,0.8071
5/3/2008,0.8006
6/3/2008,0.805
7/3/2008,0.7951
10/3/2008,0.7917
11/3/2008,0.7893
12/3/2008,0.8047
13/03/2008,0.8084
14/03/2008,0.8176
17/03/2008,0.8115
18/03/2008,0.7989
19/03/2008,0.8139
20/03/2008,0.7982
25/03/2008,0.7988
26/03/2008,0.8068
27/03/2008,0.805
28/03/2008,0.8061
31/03/2008,0.7935
1/4/2008,0.785
2/4/2008,0.7876
3/4/2008,0.7885
4/4/2008,0.7849
7/4/2008,0.7893
8/4/2008,0.7964
9/4/2008,0.7977
10/4/2008,0.7966
11/4/2008,0.7984
14/04/2008,0.7887
15/04/2008,0.7911
16/04/2008,0.7853
17/04/2008,0.7923
18/04/2008,0.7917
21/04/2008,0.7909
22/04/2008,0.7946
23/04/2008,0.7977
24/04/2008,0.7939
28/04/2008,0.7828
29/04/2008,0.7825
30/04/2008,0.7746
1/5/2008,0.782
2/5/2008,0.7779
5/5/2008,0.7794
6/5/2008,0.785
7/5/2008,0.7907
8/5/2008,0.7761
9/5/2008,0.7721
12/5/2008,0.7667
13/05/2008,0.7696
14/05/2008,0.7632
15/05/2008,0.7568
16/05/2008,0.7627
19/05/2008,0.7727
20/05/2008,0.7728
21/05/2008,0.7742
22/05/2008,0.7773
23/05/2008,0.7865
26/05/2008,0.7841
27/05/2008,0.787
28/05/2008,0.7892
29/05/2008,0.7854
30/05/2008,0.7801
3/6/2008,0.7849
4/6/2008,0.7806
5/6/2008,0.7697
6/6/2008,0.7659
9/6/2008,0.7684
10/6/2008,0.7583
11/6/2008,0.7536
12/6/2008,0.755
13/06/2008,0.7493
16/06/2008,0.75
17/06/2008,0.7531
18/06/2008,0.7562
19/06/2008,0.7585
20/06/2008,0.7609
23/06/2008,0.7608
24/06/2008,0.7575
25/06/2008,0.7586
26/06/2008,0.7567
27/06/2008,0.7539
30/06/2008,0.7619
1/7/2008,0.7619
2/7/2008,0.7574
3/7/2008,0.7602
4/7/2008,0.7559
7/7/2008,0.7586
8/7/2008,0.7532
9/7/2008,0.7521
10/7/2008,0.7568
11/7/2008,0.7586
14/07/2008,0.7595
15/07/2008,0.7635
16/07/2008,0.7718
17/07/2008,0.7707
18/07/2008,0.7635
21/07/2008,0.7596
22/07/2008,0.7611
23/07/2008,0.7591
24/07/2008,0.7447
25/07/2008,0.7438
28/07/2008,0.7427
29/07/2008,0.7447
30/07/2008,0.739
31/07/2008,0.7344
1/8/2008,0.7317
4/8/2008,0.7273
5/8/2008,0.7288
6/8/2008,0.7261
7/8/2008,0.7203
8/8/2008,0.7133
11/8/2008,0.7017
12/8/2008,0.6983
13/08/2008,0.6936
14/08/2008,0.7002
15/08/2008,0.7007
18/08/2008,0.704
19/08/2008,0.7096
20/08/2008,0.7133
21/08/2008,0.7133
22/08/2008,0.7192
25/08/2008,0.7096
26/08/2008,0.7036
27/08/2008,0.6951
28/08/2008,0.7018
29/08/2008,0.7028
1/9/2008,0.6993
2/9/2008,0.6936
3/9/2008,0.6853
4/9/2008,0.6841
5/9/2008,0.6672
8/9/2008,0.6787
9/9/2008,0.6712
10/9/2008,0.6684
11/9/2008,0.6536
12/9/2008,0.6523
15/09/2008,0.6676
16/09/2008,0.6543
17/09/2008,0.6571
18/09/2008,0.6597
19/09/2008,0.6742
22/09/2008,0.6844
23/09/2008,0.6908
24/09/2008,0.6837
25/09/2008,0.6829
26/09/2008,0.6847
29/09/2008,0.685
30/09/2008,0.6678
1/10/2008,0.6706
2/10/2008,0.6729
3/10/2008,0.6557
6/10/2008,0.6584
7/10/2008,0.63
8/10/2008,0.6255
9/10/2008,0.6053
10/10/2008,0.6035
13/10/2008,0.6116
14/10/2008,0.6137
15/10/2008,0.6225
16/10/2008,0.5945
17/10/2008,0.6167
20/10/2008,0.6112
21/10/2008,0.6194
22/10/2008,0.6101
23/10/2008,0.5943
24/10/2008,0.5968
28/10/2008,0.5415
29/10/2008,0.5716
30/10/2008,0.5867
31/10/2008,0.5889
3/11/2008,0.5847
4/11/2008,0.592
5/11/2008,0.6063
6/11/2008,0.5953
7/11/2008,0.5855
10/11/2008,0.5971
11/11/2008,0.5805
12/11/2008,0.5725
13/11/2008,0.5577
14/11/2008,0.5733
17/11/2008,0.5493
18/11/2008,0.5519
19/11/2008,0.5518
20/11/2008,0.5415
21/11/2008,0.5226
24/11/2008,0.5387
25/11/2008,0.5497
26/11/2008,0.548
27/11/2008,0.5524
28/11/2008,0.5516
1/12/2008,0.5453
2/12/2008,0.5301
3/12/2008,0.532
4/12/2008,0.533
5/12/2008,0.5322
8/12/2008,0.5363
9/12/2008,0.5473
10/12/2008,0.5412
11/12/2008,0.544
12/12/2008,0.5523
15/12/2008,0.5454
16/12/2008,0.5542
17/12/2008,0.5787
18/12/2008,0.5939
19/12/2008,0.5829
22/12/2008,0.5748
23/12/2008,0.5724
24/12/2008,0.567
29/12/2008,0.5773
30/12/2008,0.5765
31/12/2008,0.5785
5/1/2009,0.5888
6/1/2009,0.5891
7/1/2009,0.5989
8/1/2009,0.5917
9/1/2009,0.5958
12/1/2009,0.5887
13/01/2009,0.5745
14/01/2009,0.5536
15/01/2009,0.5414
16/01/2009,0.5385
19/01/2009,0.5509
20/01/2009,0.5366
21/01/2009,0.5207
22/01/2009,0.5331
23/01/2009,0.5257
26/01/2009,0.5295
27/01/2009,0.5271
28/01/2009,0.5298
29/01/2009,0.5252
30/01/2009,0.5131
2/2/2009,0.5082
3/2/2009,0.5026
4/2/2009,0.5143
5/2/2009,0.5075
9/2/2009,0.5304
10/2/2009,0.5387
11/2/2009,0.5228
12/2/2009,0.5258
13/02/2009,0.521
16/02/2009,0.5218
17/02/2009,0.5181
18/02/2009,0.5069
19/02/2009,0.5096
20/02/2009,0.5093
23/02/2009,0.5105
24/02/2009,0.5075
25/02/2009,0.5141
26/02/2009,0.5093
27/02/2009,0.5084
2/3/2009,0.4992
3/3/2009,0.4923
4/3/2009,0.4954
5/3/2009,0.5049
6/3/2009,0.4982
9/3/2009,0.5039
10/3/2009,0.4925
11/3/2009,0.5043
12/3/2009,0.5137
13/03/2009,0.5207
16/03/2009,0.5227
17/03/2009,0.5301
18/03/2009,0.5303
19/03/2009,0.5453
20/03/2009,0.5565
23/03/2009,0.5602
24/03/2009,0.5701
25/03/2009,0.5631
26/03/2009,0.568
27/03/2009,0.5776
30/03/2009,0.5677
31/03/2009,0.5621
1/4/2009,0.5596
2/4/2009,0.5669
3/4/2009,0.5791
6/4/2009,0.592
7/4/2009,0.5846
8/4/2009,0.5766
9/4/2009,0.5778
14/04/2009,0.5917
15/04/2009,0.5832
16/04/2009,0.5788
17/04/2009,0.5739
20/04/2009,0.5695
21/04/2009,0.554
22/04/2009,0.5612
23/04/2009,0.5569
24/04/2009,0.5608
27/04/2009,0.5653
28/04/2009,0.5643
29/04/2009,0.5591
30/04/2009,0.5638
1/5/2009,0.5658
4/5/2009,0.5736
5/5/2009,0.5771
6/5/2009,0.5795
7/5/2009,0.5894
8/5/2009,0.5941
11/5/2009,0.6047
12/5/2009,0.6006
13/05/2009,0.6056
14/05/2009,0.5931
15/05/2009,0.5942
18/05/2009,0.5853
19/05/2009,0.5974
20/05/2009,0.6017
21/05/2009,0.6065
22/05/2009,0.6124
25/05/2009,0.6163
26/05/2009,0.6188
27/05/2009,0.6231
28/05/2009,0.6159
29/05/2009,0.6232
2/6/2009,0.6486
3/6/2009,0.6556
4/6/2009,0.6354
5/6/2009,0.6329
8/6/2009,0.6255
9/6/2009,0.6222
10/6/2009,0.6262
11/6/2009,0.6336
12/6/2009,0.6455
15/06/2009,0.6399
16/06/2009,0.6303
17/06/2009,0.6285
18/06/2009,0.6322
19/06/2009,0.64
22/06/2009,0.6415
23/06/2009,0.6293
24/06/2009,0.6381
25/06/2009,0.6392
26/06/2009,0.6423
29/06/2009,0.6459
30/06/2009,0.6523
1/7/2009,0.6457
2/7/2009,0.6407
3/7/2009,0.6274
6/7/2009,0.6285
7/7/2009,0.6356
8/7/2009,0.6281
9/7/2009,0.6264
10/7/2009,0.6324
13/07/2009,0.6287
14/07/2009,0.6339
15/07/2009,0.6399
16/07/2009,0.6484
17/07/2009,0.6473
20/07/2009,0.646
21/07/2009,0.6573
22/07/2009,0.6561
23/07/2009,0.6587
24/07/2009,0.6556
27/07/2009,0.6553
28/07/2009,0.6559
29/07/2009,0.6557
30/07/2009,0.6492
31/07/2009,0.652
3/8/2009,0.6599
4/8/2009,0.6678
5/8/2009,0.6745
6/8/2009,0.6721
7/8/2009,0.6711
10/8/2009,0.6712
11/8/2009,0.6755
12/8/2009,0.6683
13/08/2009,0.671
14/08/2009,0.6791
17/08/2009,0.6751
18/08/2009,0.6685
19/08/2009,0.6747
20/08/2009,0.6743
21/08/2009,0.6772
24/08/2009,0.684
25/08/2009,0.6843
26/08/2009,0.6844
27/08/2009,0.6816
28/08/2009,0.6867
31/08/2009,0.6831
1/9/2009,0.6858
2/9/2009,0.6756
3/9/2009,0.674
4/9/2009,0.6787
7/9/2009,0.6892
8/9/2009,0.6924
9/9/2009,0.6976
10/9/2009,0.6976
11/9/2009,0.7031
14/09/2009,0.7044
15/09/2009,0.7007
16/09/2009,0.7043
17/09/2009,0.713
18/09/2009,0.7104
21/09/2009,0.7078
22/09/2009,0.7115
23/09/2009,0.7262
24/09/2009,0.7186
25/09/2009,0.7142
28/09/2009,0.7173
29/09/2009,0.7165
30/09/2009,0.7149
1/10/2009,0.7233
2/10/2009,0.7145
5/10/2009,0.7161
6/10/2009,0.7301
7/10/2009,0.7353
8/10/2009,0.7366
9/10/2009,0.7419
12/10/2009,0.7342
13/10/2009,0.7377
14/10/2009,0.7397
15/10/2009,0.7427
16/10/2009,0.7445
19/10/2009,0.7391
20/10/2009,0.7566
21/10/2009,0.7497
22/10/2009,0.7581
23/10/2009,0.7582
27/10/2009,0.7478
28/10/2009,0.7441
29/10/2009,0.7208
30/10/2009,0.7327
2/11/2009,0.7134
3/11/2009,0.718
4/11/2009,0.7217
5/11/2009,0.7243
6/11/2009,0.7213
9/11/2009,0.7342
10/11/2009,0.7426
11/11/2009,0.7432
12/11/2009,0.7394
13/11/2009,0.7326
16/11/2009,0.7426
17/11/2009,0.7487
18/11/2009,0.7448
19/11/2009,0.7458
20/11/2009,0.7311
23/11/2009,0.7236
24/11/2009,0.732
25/11/2009,0.7259
26/11/2009,0.7329
27/11/2009,0.7162
30/11/2009,0.7148
1/12/2009,0.7161
2/12/2009,0.7261
3/12/2009,0.7225
4/12/2009,0.7212
7/12/2009,0.7155
8/12/2009,0.7137
9/12/2009,0.7073
10/12/2009,0.7197
11/12/2009,0.7289
14/12/2009,0.7238
15/12/2009,0.7272
16/12/2009,0.7213
17/12/2009,0.7206
18/12/2009,0.7104
21/12/2009,0.7112
22/12/2009,0.7051
23/12/2009,0.6984
24/12/2009,0.7044
29/12/2009,0.7083
30/12/2009,0.7176
31/12/2009,0.7217
5/1/2010,0.7344
6/1/2010,0.7343
7/1/2010,0.7378
8/1/2010,0.7325
11/1/2010,0.7395
12/1/2010,0.7422
13/01/2010,0.7385
14/01/2010,0.7398
15/01/2010,0.7427
18/01/2010,0.7342
19/01/2010,0.739
20/01/2010,0.7351
21/01/2010,0.7219
22/01/2010,0.7102
25/01/2010,0.7118
26/01/2010,0.714
27/01/2010,0.7075
28/01/2010,0.7062
29/01/2010,0.7048
1/2/2010,0.7006
2/2/2010,0.7085
3/2/2010,0.7131
4/2/2010,0.7021
5/2/2010,0.6869
8/2/2010,0.6883
9/2/2010,0.6823
10/2/2010,0.6961
11/2/2010,0.6927
12/2/2010,0.6983
15/02/2010,0.6957
16/02/2010,0.6966
17/02/2010,0.707
18/02/2010,0.7028
19/02/2010,0.698
22/02/2010,0.7009
23/02/2010,0.7014
24/02/2010,0.6924
25/02/2010,0.6932
26/02/2010,0.6915
1/3/2010,0.6992
2/3/2010,0.6996
3/3/2010,0.6959
4/3/2010,0.6945
5/3/2010,0.6862
8/3/2010,0.6975
9/3/2010,0.7009
10/3/2010,0.7031
11/3/2010,0.7021
12/3/2010,0.7003
15/03/2010,0.7028
16/03/2010,0.7021
17/03/2010,0.7131
18/03/2010,0.7145
19/03/2010,0.7141
22/03/2010,0.7069
23/03/2010,0.7065
24/03/2010,0.7056
25/03/2010,0.7024
26/03/2010,0.7046
29/03/2010,0.704
30/03/2010,0.7092
31/03/2010,0.7098
1/4/2010,0.7107
6/4/2010,0.704
7/4/2010,0.7064
8/4/2010,0.7067
9/4/2010,0.7074
12/4/2010,0.7194
13/04/2010,0.7128
14/04/2010,0.7096
15/04/2010,0.7156
16/04/2010,0.7116
19/04/2010,0.7076
20/04/2010,0.7095
21/04/2010,0.7113
22/04/2010,0.7097
23/04/2010,0.7089
26/04/2010,0.718
27/04/2010,0.7229
28/04/2010,0.7127
29/04/2010,0.718
30/04/2010,0.7245
3/5/2010,0.7286
4/5/2010,0.7307
5/5/2010,0.7204
6/5/2010,0.7256
7/5/2010,0.7111
10/5/2010,0.7173
11/5/2010,0.7198
12/5/2010,0.7168
13/05/2010,0.7147
14/05/2010,0.7125
17/05/2010,0.7059
18/05/2010,0.6983
19/05/2010,0.689
20/05/2010,0.6829
21/05/2010,0.668
24/05/2010,0.6756
25/05/2010,0.6702
26/05/2010,0.6689
27/05/2010,0.6675
28/05/2010,0.6821
31/05/2010,0.6774
1/6/2010,0.6812
2/6/2010,0.6766
3/6/2010,0.6801
4/6/2010,0.6838
8/6/2010,0.6584
9/6/2010,0.6668
10/6/2010,0.6723
11/6/2010,0.6846
14/06/2010,0.692
15/06/2010,0.6952
16/06/2010,0.6975
17/06/2010,0.6978
18/06/2010,0.7037
21/06/2010,0.7126
22/06/2010,0.709
23/06/2010,0.7061
24/06/2010,0.7133
25/06/2010,0.7081
28/06/2010,0.7119
29/06/2010,0.705
30/06/2010,0.6929
1/7/2010,0.6846
2/7/2010,0.6918
5/7/2010,0.6876
6/7/2010,0.6873
7/7/2010,0.6918
8/7/2010,0.7038
9/7/2010,0.7085
12/7/2010,0.7094
13/07/2010,0.7115
14/07/2010,0.7181
15/07/2010,0.7212
16/07/2010,0.7242
19/07/2010,0.7084
20/07/2010,0.7048
21/07/2010,0.7168
22/07/2010,0.7115
23/07/2010,0.7253
26/07/2010,0.7265
27/07/2010,0.7331
28/07/2010,0.732
29/07/2010,0.7224
30/07/2010,0.7244
2/8/2010,0.7272
3/8/2010,0.7332
4/8/2010,0.7335
5/8/2010,0.7294
6/8/2010,0.7298
9/8/2010,0.7327
10/8/2010,0.7291
11/8/2010,0.7224
12/8/2010,0.7115
13/08/2010,0.7131
16/08/2010,0.7065
17/08/2010,0.7048
18/08/2010,0.7116
19/08/2010,0.7133
20/08/2010,0.7064
23/08/2010,0.706
24/08/2010,0.7057
25/08/2010,0.7031
26/08/2010,0.7015
27/08/2010,0.7017
30/08/2010,0.7133
31/08/2010,0.7038
1/9/2010,0.6998
2/9/2010,0.7117
3/9/2010,0.7142
6/9/2010,0.7189
7/9/2010,0.7229
8/9/2010,0.7182
9/9/2010,0.7218
10/9/2010,0.7251
13/09/2010,0.7291
14/09/2010,0.7298
15/09/2010,0.7322
16/09/2010,0.7277
17/09/2010,0.7246
20/09/2010,0.7263
21/09/2010,0.7291
22/09/2010,0.7336
23/09/2010,0.7316
24/09/2010,0.7286
27/09/2010,0.7364
28/09/2010,0.7341
29/09/2010,0.7393
30/09/2010,0.7356
1/10/2010,0.7337
4/10/2010,0.7441
5/10/2010,0.7386
6/10/2010,0.7484
7/10/2010,0.7514
8/10/2010,0.7507
11/10/2010,0.7564
12/10/2010,0.7511
13/10/2010,0.7556
14/10/2010,0.7572
15/10/2010,0.7584
18/10/2010,0.7543
19/10/2010,0.7567
20/10/2010,0.7452
21/10/2010,0.7536
22/10/2010,0.7467
26/10/2010,0.7519
27/10/2010,0.7485
28/10/2010,0.7465
29/10/2010,0.753
1/11/2010,0.7653
2/11/2010,0.7668
3/11/2010,0.7706
4/11/2010,0.7871
5/11/2010,0.7952
8/11/2010,0.7935
9/11/2010,0.7879
10/11/2010,0.7776
11/11/2010,0.7815
12/11/2010,0.7806
15/11/2010,0.7763
16/11/2010,0.7723
17/11/2010,0.7682
18/11/2010,0.7701
19/11/2010,0.7785
22/11/2010,0.7797
23/11/2010,0.7728
24/11/2010,0.7587
25/11/2010,0.7597
26/11/2010,0.76
29/11/2010,0.7521
30/11/2010,0.7458
1/12/2010,0.742
2/12/2010,0.7491
3/12/2010,0.7553
6/12/2010,0.7637
7/12/2010,0.7614
8/12/2010,0.7575
9/12/2010,0.7473
10/12/2010,0.7489
13/12/2010,0.7465
14/12/2010,0.751
15/12/2010,0.7517
16/12/2010,0.7398
17/12/2010,0.7403
20/12/2010,0.736
21/12/2010,0.7419
22/12/2010,0.7447
23/12/2010,0.74
24/12/2010,0.7471
29/12/2010,0.7556
30/12/2010,0.7684
31/12/2010,0.7706
5/1/2011,0.7665
6/1/2011,0.758
7/1/2011,0.7569
10/1/2011,0.7586
11/1/2011,0.7639
12/1/2011,0.7601
13/01/2011,0.7634
14/01/2011,0.7725
17/01/2011,0.7682
18/01/2011,0.7724
19/01/2011,0.7708
20/01/2011,0.7677
21/01/2011,0.7569
24/01/2011,0.758
25/01/2011,0.7632
26/01/2011,0.7688
27/01/2011,0.7724
28/01/2011,0.7722
31/01/2011,0.7703
1/2/2011,0.7724
2/2/2011,0.7808
3/2/2011,0.7726
4/2/2011,0.7727
7/2/2011,0.7696
8/2/2011,0.7702
9/2/2011,0.7753
10/2/2011,0.7721
11/2/2011,0.7634
14/02/2011,0.7565
15/02/2011,0.7569
16/02/2011,0.752
17/02/2011,0.7546
18/02/2011,0.7588
21/02/2011,0.763
22/02/2011,0.7632
23/02/2011,0.7465
24/02/2011,0.7457
25/02/2011,0.7476
28/02/2011,0.7519
1/3/2011,0.7533
2/3/2011,0.7466
3/3/2011,0.7434
4/3/2011,0.7403
7/3/2011,0.737
8/3/2011,0.7374
9/3/2011,0.7397
10/3/2011,0.7363
11/3/2011,0.7351
14/03/2011,0.7409
15/03/2011,0.7395
16/03/2011,0.7309
17/03/2011,0.7174
18/03/2011,0.7195
21/03/2011,0.7298
22/03/2011,0.7353
23/03/2011,0.7406
24/03/2011,0.7427
25/03/2011,0.7498
28/03/2011,0.7518
29/03/2011,0.7509
30/03/2011,0.7569
31/03/2011,0.7627
1/4/2011,0.7609
4/4/2011,0.7685
5/4/2011,0.7678
6/4/2011,0.7675
7/4/2011,0.7775
8/4/2011,0.7777
11/4/2011,0.782
12/4/2011,0.7822
13/04/2011,0.7848
14/04/2011,0.7876
15/04/2011,0.7938
18/04/2011,0.7957
19/04/2011,0.7866
20/04/2011,0.7898
21/04/2011,0.7959
26/04/2011,0.7999
27/04/2011,0.8073
28/04/2011,0.8027
29/04/2011,0.804
2/5/2011,0.8042
3/5/2011,0.8067
4/5/2011,0.7989
5/5/2011,0.7926
6/5/2011,0.7882
9/5/2011,0.7893
10/5/2011,0.7922
11/5/2011,0.7954
12/5/2011,0.7902
13/05/2011,0.7945
16/05/2011,0.7856
17/05/2011,0.7799
18/05/2011,0.7856
19/05/2011,0.7896
20/05/2011,0.7914
23/05/2011,0.7935
24/05/2011,0.7894
25/05/2011,0.7976
26/05/2011,0.7978
27/05/2011,0.8094
30/05/2011,0.8181
31/05/2011,0.8187
1/6/2011,0.8249
2/6/2011,0.8157
3/6/2011,0.8155
7/6/2011,0.8146
8/6/2011,0.821
9/6/2011,0.8226
10/6/2011,0.8255
13/06/2011,0.8209
14/06/2011,0.8166
15/06/2011,0.8183
16/06/2011,0.8063
17/06/2011,0.8055
20/06/2011,0.8106
21/06/2011,0.8102
22/06/2011,0.8117
23/06/2011,0.8148
24/06/2011,0.815
27/06/2011,0.8028
28/06/2011,0.8053
29/06/2011,0.8108
30/06/2011,0.8275
1/7/2011,0.8278
4/7/2011,0.8285
5/7/2011,0.8319
6/7/2011,0.8265
7/7/2011,0.8271
8/7/2011,0.8318
11/7/2011,0.8348
12/7/2011,0.8262
13/07/2011,0.8187
14/07/2011,0.8485
15/07/2011,0.842
18/07/2011,0.848
19/07/2011,0.8447
20/07/2011,0.8562
21/07/2011,0.8583
22/07/2011,0.8622
25/07/2011,0.8646
26/07/2011,0.8628
27/07/2011,0.8722
28/07/2011,0.8721
29/07/2011,0.8702
1/8/2011,0.8822
2/8/2011,0.876
3/8/2011,0.8623
4/8/2011,0.8656
5/8/2011,0.8286
8/8/2011,0.8383
9/8/2011,0.8179
10/8/2011,0.8379
11/8/2011,0.8104
12/8/2011,0.8288
15/08/2011,0.8343
16/08/2011,0.8334
17/08/2011,0.8342
18/08/2011,0.8366
19/08/2011,0.822
22/08/2011,0.8194
23/08/2011,0.8226
24/08/2011,0.8334
25/08/2011,0.8292
26/08/2011,0.8289
29/08/2011,0.8402
30/08/2011,0.8485
31/08/2011,0.8526
1/9/2011,0.8526
2/9/2011,0.8519
5/9/2011,0.843
6/9/2011,0.828
7/9/2011,0.8255
8/9/2011,0.8337
9/9/2011,0.8357
12/9/2011,0.8202
13/09/2011,0.8244
14/09/2011,0.8231
15/09/2011,0.819
16/09/2011,0.8229
19/09/2011,0.8259
20/09/2011,0.8187
21/09/2011,0.8213
22/09/2011,0.7996
23/09/2011,0.7834
26/09/2011,0.7729
27/09/2011,0.7797
28/09/2011,0.7888
29/09/2011,0.7744
30/09/2011,0.7697
3/10/2011,0.7627
4/10/2011,0.7534
5/10/2011,0.7599
6/10/2011,0.767
7/10/2011,0.769
10/10/2011,0.7693
11/10/2011,0.7839
12/10/2011,0.7804
13/10/2011,0.7946
14/10/2011,0.7945
17/10/2011,0.8047
18/10/2011,0.7926
19/10/2011,0.7955
20/10/2011,0.7929
21/10/2011,0.7936
25/10/2011,0.805
26/10/2011,0.7964
27/10/2011,0.8002
28/10/2011,0.8223
31/10/2011,0.8207
1/11/2011,0.8072
2/11/2011,0.7954
3/11/2011,0.7882
4/11/2011,0.7945
7/11/2011,0.797
8/11/2011,0.7968
9/11/2011,0.7984
10/11/2011,0.7806
11/11/2011,0.7773
14/11/2011,0.7916
15/11/2011,0.7805
16/11/2011,0.7714
17/11/2011,0.7656
18/11/2011,0.7589
21/11/2011,0.7569
22/11/2011,0.7471
23/11/2011,0.7473
24/11/2011,0.7404
25/11/2011,0.7419
28/11/2011,0.7489
29/11/2011,0.7556
30/11/2011,0.761
1/12/2011,0.7794
2/12/2011,0.7786
5/12/2011,0.7793
6/12/2011,0.7798
7/12/2011,0.7803
8/12/2011,0.7799
9/12/2011,0.7723
12/12/2011,0.7749
13/12/2011,0.763
14/12/2011,0.7568
15/12/2011,0.7505
16/12/2011,0.7536
19/12/2011,0.7637
20/12/2011,0.7559
21/12/2011,0.7677
22/12/2011,0.7704
23/12/2011,0.7743
28/12/2011,0.7728
29/12/2011,0.7691
30/12/2011,0.7713
4/1/2012,0.7906
5/1/2012,0.7875
6/1/2012,0.7807
9/1/2012,0.78
10/1/2012,0.7872
11/1/2012,0.794
12/1/2012,0.797
13/01/2012,0.7945
16/01/2012,0.793
17/01/2012,0.7936
18/01/2012,0.8003
19/01/2012,0.8032
20/01/2012,0.8026
23/01/2012,0.8063
24/01/2012,0.8106
25/01/2012,0.8117
26/01/2012,0.8165
27/01/2012,0.8218
30/01/2012,0.8232
31/01/2012,0.8189
1/2/2012,0.8254
2/2/2012,0.8336
3/2/2012,0.8332
7/2/2012,0.834
8/2/2012,0.8358
9/2/2012,0.8352
10/2/2012,0.8336
13/02/2012,0.8285
14/02/2012,0.834
15/02/2012,0.8332
16/02/2012,0.8335
17/02/2012,0.8332
20/02/2012,0.8396
21/02/2012,0.8398
22/02/2012,0.8339
23/02/2012,0.8288
24/02/2012,0.8362
27/02/2012,0.837
28/02/2012,0.8399
29/02/2012,0.8377
1/3/2012,0.8342
2/3/2012,0.8394
5/3/2012,0.8307
6/3/2012,0.8206
7/3/2012,0.8126
8/3/2012,0.8164
9/3/2012,0.8242
12/3/2012,0.8198
13/03/2012,0.8186
14/03/2012,0.8225
15/03/2012,0.8101
16/03/2012,0.8195
19/03/2012,0.8253
20/03/2012,0.8262
21/03/2012,0.8171
22/03/2012,0.8118
23/03/2012,0.8104
26/03/2012,0.8187
27/03/2012,0.8231
28/03/2012,0.8207
29/03/2012,0.8176
30/03/2012,0.8173
2/4/2012,0.8228
3/4/2012,0.8251
4/4/2012,0.8177
5/4/2012,0.8153
10/4/2012,0.8213
11/4/2012,0.8152
12/4/2012,0.8196
13/04/2012,0.8277
16/04/2012,0.8233
17/04/2012,0.8201
18/04/2012,0.8221
19/04/2012,0.8159
20/04/2012,0.8147
23/04/2012,0.8177
24/04/2012,0.8134
26/04/2012,0.8149
27/04/2012,0.8124
30/04/2012,0.8232
1/5/2012,0.8182
2/5/2012,0.815
3/5/2012,0.8075
4/5/2012,0.8005
7/5/2012,0.792
8/5/2012,0.7963
9/5/2012,0.7864
10/5/2012,0.7841
11/5/2012,0.7838
14/05/2012,0.7799
15/05/2012,0.777
16/05/2012,0.7689
17/05/2012,0.7647
18/05/2012,0.7635
21/05/2012,0.7544
22/05/2012,0.7668
23/05/2012,0.7545
24/05/2012,0.7524
25/05/2012,0.7537
28/05/2012,0.7598
29/05/2012,0.7608
30/05/2012,0.7612
31/05/2012,0.7518
1/6/2012,0.7529
5/6/2012,0.757
6/6/2012,0.7576
7/6/2012,0.77
8/6/2012,0.7682
11/6/2012,0.7772
12/6/2012,0.7677
13/06/2012,0.7782
14/06/2012,0.7756
15/06/2012,0.783
18/06/2012,0.7922
19/06/2012,0.793
20/06/2012,0.7962
21/06/2012,0.8
22/06/2012,0.7878
25/06/2012,0.7893
26/06/2012,0.7872
27/06/2012,0.7897
28/06/2012,0.7924
29/06/2012,0.7866
2/7/2012,0.8007
3/7/2012,0.8031
4/7/2012,0.8041
5/7/2012,0.8038
6/7/2012,0.8032
9/7/2012,0.7977
10/7/2012,0.7964
11/7/2012,0.7939
12/7/2012,0.7946
13/07/2012,0.7905
16/07/2012,0.7975
17/07/2012,0.7966
18/07/2012,0.7975
19/07/2012,0.7998
20/07/2012,0.8033
23/07/2012,0.797
24/07/2012,0.788
25/07/2012,0.7827
26/07/2012,0.7908
27/07/2012,0.8001
30/07/2012,0.8096
31/07/2012,0.8092
1/8/2012,0.8088
2/8/2012,0.8089
3/8/2012,0.8093
6/8/2012,0.8183
7/8/2012,0.8201
8/8/2012,0.8152
9/8/2012,0.8126
10/8/2012,0.8114
13/08/2012,0.812
14/08/2012,0.8098
15/08/2012,0.8049
16/08/2012,0.8069
17/08/2012,0.8114
20/08/2012,0.8066
21/08/2012,0.8098
22/08/2012,0.8101
23/08/2012,0.8142
24/08/2012,0.8124
27/08/2012,0.8111
28/08/2012,0.8085
29/08/2012,0.8043
30/08/2012,0.8013
31/08/2012,0.7984
3/9/2012,0.801
4/9/2012,0.7984
5/9/2012,0.7942
6/9/2012,0.7951
7/9/2012,0.8008
10/9/2012,0.811
11/9/2012,0.8095
12/9/2012,0.8169
13/09/2012,0.8209
14/09/2012,0.8314
17/09/2012,0.8292
18/09/2012,0.8268
19/09/2012,0.8274
20/09/2012,0.8297
21/09/2012,0.8292
24/09/2012,0.8283
25/09/2012,0.8225
26/09/2012,0.8202
27/09/2012,0.8246
28/09/2012,0.8306
1/10/2012,0.8286
2/10/2012,0.828
3/10/2012,0.8265
4/10/2012,0.8192
5/10/2012,0.8215
8/10/2012,0.8175
9/10/2012,0.8193
10/10/2012,0.8177
11/10/2012,0.8161
12/10/2012,0.8178
15/10/2012,0.8173
16/10/2012,0.8157
17/10/2012,0.8166
18/10/2012,0.8215
19/10/2012,0.8197
23/10/2012,0.8179
24/10/2012,0.812
25/10/2012,0.8196
26/10/2012,0.8195
29/10/2012,0.8225
30/10/2012,0.8191
31/10/2012,0.8215
1/11/2012,0.8222
2/11/2012,0.8266
5/11/2012,0.8247
6/11/2012,0.8257
7/11/2012,0.8275
8/11/2012,0.8182
9/11/2012,0.8152
12/11/2012,0.8146
13/11/2012,0.8176
14/11/2012,0.8164
15/11/2012,0.8103
16/11/2012,0.8092
19/11/2012,0.8134
20/11/2012,0.819
21/11/2012,0.8169
22/11/2012,0.815
23/11/2012,0.8161
26/11/2012,0.8238
27/11/2012,0.8231
28/11/2012,0.8207
29/11/2012,0.8235
30/11/2012,0.8229
3/12/2012,0.8205
4/12/2012,0.8208
5/12/2012,0.8237
6/12/2012,0.8289
7/12/2012,0.8328
10/12/2012,0.8322
11/12/2012,0.8348
12/12/2012,0.8392
13/12/2012,0.843
14/12/2012,0.8431
17/12/2012,0.8463
18/12/2012,0.8447
19/12/2012,0.8414
20/12/2012,0.8339
21/12/2012,0.8346
24/12/2012,0.8241
27/12/2012,0.8192
28/12/2012,0.8209
31/12/2012,0.8203
3/1/2013,0.8335
4/1/2013,0.8279
7/1/2013,0.8308
8/1/2013,0.8372
9/1/2013,0.8365
10/1/2013,0.8398
11/1/2013,0.8447
14/01/2013,0.8385
15/01/2013,0.8427
16/01/2013,0.8398
17/01/2013,0.8414
18/01/2013,0.836
21/01/2013,0.8366
22/01/2013,0.836
23/01/2013,0.8413
24/01/2013,0.8424
25/01/2013,0.8378
28/01/2013,0.8357
29/01/2013,0.8338
30/01/2013,0.8389
31/01/2013,0.8359
1/2/2013,0.8392
4/2/2013,0.8479
5/2/2013,0.8432
7/2/2013,0.8395
8/2/2013,0.833
11/2/2013,0.8366
12/2/2013,0.835
13/02/2013,0.8405
14/02/2013,0.8461
15/02/2013,0.8516
18/02/2013,0.8445
19/02/2013,0.8453
20/02/2013,0.8468
21/02/2013,0.8358
22/02/2013,0.8339
25/02/2013,0.8359
26/02/2013,0.8327
27/02/2013,0.8243
28/02/2013,0.828
1/3/2013,0.8248
4/3/2013,0.823
5/3/2013,0.8277
6/3/2013,0.8316
7/3/2013,0.8283
8/3/2013,0.8287
11/3/2013,0.8211
12/3/2013,0.8272
13/03/2013,0.8254
14/03/2013,0.8184
15/03/2013,0.8217
18/03/2013,0.8237
19/03/2013,0.8266
20/03/2013,0.8252
21/03/2013,0.8266
22/03/2013,0.8312
25/03/2013,0.8346
26/03/2013,0.8353
27/03/2013,0.8392
28/03/2013,0.8369
2/4/2013,0.8377
3/4/2013,0.8417
4/4/2013,0.8415
5/4/2013,0.8422
8/4/2013,0.8408
9/4/2013,0.8463
10/4/2013,0.8524
11/4/2013,0.8584
12/4/2013,0.8634
15/04/2013,0.8578
16/04/2013,0.8437
17/04/2013,0.851
18/04/2013,0.8448
19/04/2013,0.8415
22/04/2013,0.8412
23/04/2013,0.8427
24/04/2013,0.8432
26/04/2013,0.8506
29/04/2013,0.8498
30/04/2013,0.8551
1/5/2013,0.8569
2/5/2013,0.8508
3/5/2013,0.8511
6/5/2013,0.8537
7/5/2013,0.8514
8/5/2013,0.8456
9/5/2013,0.8457
10/5/2013,0.8409
13/05/2013,0.8288
14/05/2013,0.8246
15/05/2013,0.8214
16/05/2013,0.8238
17/05/2013,0.8174
20/05/2013,0.8084
21/05/2013,0.8179
22/05/2013,0.816
23/05/2013,0.805
24/05/2013,0.8109
27/05/2013,0.8091
28/05/2013,0.8087
29/05/2013,0.8063
30/05/2013,0.8096
31/05/2013,0.8092
4/6/2013,0.8095
5/6/2013,0.8023
6/6/2013,0.7962
7/6/2013,0.7994
10/6/2013,0.7849
11/6/2013,0.789
12/6/2013,0.7894
13/06/2013,0.7951
14/06/2013,0.8092
17/06/2013,0.8059
18/06/2013,0.799
19/06/2013,0.7991
20/06/2013,0.7857
21/06/2013,0.777
24/06/2013,0.7769
25/06/2013,0.7763
26/06/2013,0.7736
27/06/2013,0.7781
28/06/2013,0.7785
1/7/2013,0.7732
2/7/2013,0.7825
3/7/2013,0.7751
4/7/2013,0.7777
5/7/2013,0.7816
8/7/2013,0.7716
9/7/2013,0.7803
10/7/2013,0.7833
11/7/2013,0.7929
12/7/2013,0.7847
15/07/2013,0.7792
16/07/2013,0.7798
17/07/2013,0.7881
18/07/2013,0.7901
19/07/2013,0.7907
22/07/2013,0.7916
23/07/2013,0.7979
24/07/2013,0.8
25/07/2013,0.7973
26/07/2013,0.8065
29/07/2013,0.8093
30/07/2013,0.8021
31/07/2013,0.799
1/8/2013,0.7946
2/8/2013,0.79
5/8/2013,0.7778
6/8/2013,0.7841
7/8/2013,0.7899
8/8/2013,0.7958
9/8/2013,0.7994
12/8/2013,0.8044
13/08/2013,0.7978
14/08/2013,0.7983
15/08/2013,0.8042
16/08/2013,0.8068
19/08/2013,0.812
20/08/2013,0.8073
21/08/2013,0.7962
22/08/2013,0.7854
23/08/2013,0.7848
26/08/2013,0.7802
27/08/2013,0.7844
28/08/2013,0.7789
29/08/2013,0.7814
30/08/2013,0.7761
2/9/2013,0.7765
3/9/2013,0.7816
4/9/2013,0.7805
5/9/2013,0.7895
6/9/2013,0.789
9/9/2013,0.7987
10/9/2013,0.8014
11/9/2013,0.8059
12/9/2013,0.8129
13/09/2013,0.813
16/09/2013,0.8202
17/09/2013,0.8176
18/09/2013,0.8231
19/09/2013,0.8371
20/09/2013,0.8383
23/09/2013,0.8365
24/09/2013,0.8368
25/09/2013,0.824
26/09/2013,0.8244
27/09/2013,0.8292
30/09/2013,0.827
1/10/2013,0.8299
2/10/2013,0.8273
3/10/2013,0.8315
4/10/2013,0.8292
7/10/2013,0.8315
8/10/2013,0.8299
9/10/2013,0.8297
10/10/2013,0.8297
11/10/2013,0.828
14/10/2013,0.832
15/10/2013,0.8348
16/10/2013,0.8397
17/10/2013,0.8422
18/10/2013,0.8476
21/10/2013,0.8498
22/10/2013,0.8452
23/10/2013,0.8515
24/10/2013,0.8414
25/10/2013,0.8346
29/10/2013,0.8304
30/10/2013,0.8262
31/10/2013,0.8267
1/11/2013,0.8261
4/11/2013,0.8262
5/11/2013,0.8284
6/11/2013,0.8366
7/11/2013,0.8379
8/11/2013,0.8323
11/11/2013,0.8262
12/11/2013,0.8258
13/11/2013,0.822
14/11/2013,0.828
15/11/2013,0.8276
18/11/2013,0.8357
19/11/2013,0.8337
20/11/2013,0.837
21/11/2013,0.826
22/11/2013,0.8206
25/11/2013,0.8183
26/11/2013,0.8215
27/11/2013,0.82
28/11/2013,0.8151
29/11/2013,0.8125
2/12/2013,0.8167
3/12/2013,0.8189
4/12/2013,0.8242
5/12/2013,0.8198
6/12/2013,0.822
9/12/2013,0.8289
10/12/2013,0.8299
11/12/2013,0.8303
12/12/2013,0.8257
13/12/2013,0.8246
16/12/2013,0.8266
17/12/2013,0.8256
18/12/2013,0.8271
19/12/2013,0.8231
20/12/2013,0.8197
23/12/2013,0.8209
24/12/2013,0.8198
27/12/2013,0.8167
30/12/2013,0.8164
31/12/2013,0.8202
3/1/2014,0.8185
6/1/2014,0.8276
7/1/2014,0.8295
8/1/2014,0.8286
9/1/2014,0.8262
10/1/2014,0.8255
13/01/2014,0.8294
14/01/2014,0.8376
15/01/2014,0.8378
16/01/2014,0.8338
17/01/2014,0.8347
20/01/2014,0.8263
21/01/2014,0.8321
22/01/2014,0.8317
23/01/2014,0.831
24/01/2014,0.8307
27/01/2014,0.8228
28/01/2014,0.8236
29/01/2014,0.8284
30/01/2014,0.8209
31/01/2014,0.8168
3/2/2014,0.8106
4/2/2014,0.8083
5/2/2014,0.8249
7/2/2014,0.8248
10/2/2014,0.8286
11/2/2014,0.8266
12/2/2014,0.8318
13/02/2014,0.8317
14/02/2014,0.834
17/02/2014,0.8366
18/02/2014,0.8366
19/02/2014,0.8307
20/02/2014,0.827
21/02/2014,0.8312
24/02/2014,0.8282
25/02/2014,0.8331
26/02/2014,0.8326
27/02/2014,0.8316
28/02/2014,0.8376
3/3/2014,0.8364
4/3/2014,0.837
5/3/2014,0.8385
6/3/2014,0.8419
7/3/2014,0.8475
10/3/2014,0.847
11/3/2014,0.8471
12/3/2014,0.8468
13/03/2014,0.852
14/03/2014,0.8543
17/03/2014,0.8536
18/03/2014,0.8562
19/03/2014,0.8622
20/03/2014,0.8537
21/03/2014,0.8531
24/03/2014,0.8536
25/03/2014,0.8544
26/03/2014,0.8572
27/03/2014,0.8596
28/03/2014,0.8671
31/03/2014,0.8664
1/4/2014,0.8674
2/4/2014,0.8628
3/4/2014,0.8573
4/4/2014,0.8546
7/4/2014,0.8599
8/4/2014,0.8607
9/4/2014,0.8666
10/4/2014,0.8716
11/4/2014,0.8678
14/04/2014,0.8683
15/04/2014,0.8687
16/04/2014,0.8629
17/04/2014,0.8625
22/04/2014,0.8575
23/04/2014,0.861
24/04/2014,0.8608
28/04/2014,0.8582
29/04/2014,0.8544
30/04/2014,0.8556
1/5/2014,0.8613
2/5/2014,0.8629
5/5/2014,0.8663
6/5/2014,0.8683
7/5/2014,0.8699
8/5/2014,0.8653
9/5/2014,0.8649
12/5/2014,0.8624
13/05/2014,0.8623
14/05/2014,0.8626
15/05/2014,0.8661
16/05/2014,0.8653
19/05/2014,0.864
20/05/2014,0.8633
21/05/2014,0.8566
22/05/2014,0.8572
23/05/2014,0.8567
26/05/2014,0.8545
27/05/2014,0.8552
28/05/2014,0.8569
29/05/2014,0.8494
30/05/2014,0.8495
3/6/2014,0.8443
4/6/2014,0.8438
5/6/2014,0.8422
6/6/2014,0.8493
9/6/2014,0.8503
10/6/2014,0.8497
11/6/2014,0.853
12/6/2014,0.8608
13/06/2014,0.8679
16/06/2014,0.8669
17/06/2014,0.8677
18/06/2014,0.8658
19/06/2014,0.8719
20/06/2014,0.871
23/06/2014,0.8703
24/06/2014,0.8714
25/06/2014,0.8674
26/06/2014,0.8729
27/06/2014,0.8784
30/06/2014,0.8776
1/7/2014,0.876
2/7/2014,0.8768
3/7/2014,0.8764
4/7/2014,0.8751
7/7/2014,0.8734
8/7/2014,0.875
9/7/2014,0.8789
10/7/2014,0.8821
11/7/2014,0.8817
14/07/2014,0.8816
15/07/2014,0.881
16/07/2014,0.8728
17/07/2014,0.8715
18/07/2014,0.8659
21/07/2014,0.8703
22/07/2014,0.8685
23/07/2014,0.8673
24/07/2014,0.8605
25/07/2014,0.8576
28/07/2014,0.8552
29/07/2014,0.8547
30/07/2014,0.8512
31/07/2014,0.8486
1/8/2014,0.8505
4/8/2014,0.851
5/8/2014,0.8528
6/8/2014,0.8439
7/8/2014,0.8474
8/8/2014,0.8463
11/8/2014,0.8461
12/8/2014,0.8453
13/08/2014,0.8434
14/08/2014,0.8476
15/08/2014,0.8488
18/08/2014,0.848
19/08/2014,0.8463
20/08/2014,0.8428
21/08/2014,0.8372
22/08/2014,0.84
25/08/2014,0.8352
26/08/2014,0.8321
27/08/2014,0.8338
28/08/2014,0.8372
29/08/2014,0.8377
1/9/2014,0.8358
2/9/2014,0.8385
3/9/2014,0.8315
4/9/2014,0.8326
5/9/2014,0.8294
8/9/2014,0.8314
9/9/2014,0.8276
10/9/2014,0.8253
11/9/2014,0.82
12/9/2014,0.8194
15/09/2014,0.8144
16/09/2014,0.818
17/09/2014,0.8195
18/09/2014,0.8092
19/09/2014,0.815
22/09/2014,0.8152
23/09/2014,0.8115
24/09/2014,0.8075
25/09/2014,0.8067
26/09/2014,0.7946
29/09/2014,0.7865
30/09/2014,0.7767
1/10/2014,0.7809
2/10/2014,0.7784
3/10/2014,0.7899
6/10/2014,0.7753
7/10/2014,0.7836
8/10/2014,0.7826
9/10/2014,0.7898
10/10/2014,0.7859
13/10/2014,0.7804
14/10/2014,0.7883
15/10/2014,0.7838
16/10/2014,0.798
17/10/2014,0.7929
20/10/2014,0.7928
21/10/2014,0.7975
22/10/2014,0.7961
23/10/2014,0.7876
24/10/2014,0.7818
28/10/2014,0.7892
29/10/2014,0.7923
30/10/2014,0.7816
31/10/2014,0.784
3/11/2014,0.7775
4/11/2014,0.7722
5/11/2014,0.7818
6/11/2014,0.7731
7/11/2014,0.7691
10/11/2014,0.7772
11/11/2014,0.7759
12/11/2014,0.7808
13/11/2014,0.788
14/11/2014,0.7882
17/11/2014,0.7952
18/11/2014,0.7914
19/11/2014,0.7923
20/11/2014,0.7851
21/11/2014,0.7867
24/11/2014,0.7883
25/11/2014,0.7861
26/11/2014,0.7809
27/11/2014,0.7871
28/11/2014,0.7866
1/12/2014,0.7825
2/12/2014,0.7869
3/12/2014,0.7807
4/12/2014,0.7763
5/12/2014,0.7778
8/12/2014,0.7703
9/12/2014,0.7653
10/12/2014,0.7678
11/12/2014,0.7819
12/12/2014,0.7816
15/12/2014,0.7779
16/12/2014,0.7742
17/12/2014,0.7797
18/12/2014,0.7708
19/12/2014,0.7762
22/12/2014,0.7746
23/12/2014,0.7727
24/12/2014,0.7707
29/12/2014,0.7756
30/12/2014,0.7788
31/12/2014,0.7829
5/1/2015,0.7677
6/1/2015,0.7689
7/1/2015,0.776
8/1/2015,0.7782
9/1/2015,0.782
12/1/2015,0.7849
13/01/2015,0.7784
14/01/2015,0.7738
15/01/2015,0.7722
16/01/2015,0.781
19/01/2015,0.7789
20/01/2015,0.7782
21/01/2015,0.7642
22/01/2015,0.7563
23/01/2015,0.7497
26/01/2015,0.7428
27/01/2015,0.7427
28/01/2015,0.7455
29/01/2015,0.7325
30/01/2015,0.7268
2/2/2015,0.725
3/2/2015,0.7303
4/2/2015,0.7346
5/2/2015,0.7364
9/2/2015,0.7352
10/2/2015,0.7411
11/2/2015,0.74
12/2/2015,0.7366
13/02/2015,0.7426
16/02/2015,0.7485
17/02/2015,0.75
18/02/2015,0.7536
19/02/2015,0.7549
20/02/2015,0.7516
23/02/2015,0.7526
24/02/2015,0.7526
25/02/2015,0.7491
26/02/2015,0.7557
27/02/2015,0.7531
2/3/2015,0.7557
3/3/2015,0.7511
4/3/2015,0.7547
5/3/2015,0.7594
6/3/2015,0.7485
9/3/2015,0.7367
10/3/2015,0.7358
11/3/2015,0.7279
12/3/2015,0.7278
13/03/2015,0.7392
16/03/2015,0.733
17/03/2015,0.7371
18/03/2015,0.7315
19/03/2015,0.7475
20/03/2015,0.7417
23/03/2015,0.7584
24/03/2015,0.766
25/03/2015,0.7636
26/03/2015,0.761
27/03/2015,0.7597
30/03/2015,0.7557
31/03/2015,0.749
1/4/2015,0.7472
2/4/2015,0.7461
7/4/2015,0.7543
8/4/2015,0.7505
9/4/2015,0.7556
10/4/2015,0.7559
13/04/2015,0.7528
14/04/2015,0.7456
15/04/2015,0.7513
16/04/2015,0.7591
17/04/2015,0.7662
20/04/2015,0.7693
21/04/2015,0.7659
22/04/2015,0.7668
23/04/2015,0.7645
24/04/2015,0.7586
28/04/2015,0.7639
29/04/2015,0.7733
30/04/2015,0.7612
1/5/2015,0.7583
4/5/2015,0.7522
5/5/2015,0.7537
6/5/2015,0.748
7/5/2015,0.7494
8/5/2015,0.7428
11/5/2015,0.7407
12/5/2015,0.7347
13/05/2015,0.7367
14/05/2015,0.7549
15/05/2015,0.7473
18/05/2015,0.7422
19/05/2015,0.7367
20/05/2015,0.7363
21/05/2015,0.7316
22/05/2015,0.7378
25/05/2015,0.7303
26/05/2015,0.7309
27/05/2015,0.7238
28/05/2015,0.724
29/05/2015,0.7148
2/6/2015,0.7109
3/6/2015,0.7191
4/6/2015,0.7138
5/6/2015,0.7133
8/6/2015,0.7049
9/6/2015,0.7126
10/6/2015,0.7147
11/6/2015,0.7017
12/6/2015,0.7021
15/06/2015,0.6972
16/06/2015,0.7001
17/06/2015,0.6978
18/06/2015,0.69
19/06/2015,0.6927
22/06/2015,0.6913
23/06/2015,0.6864
24/06/2015,0.6859
25/06/2015,0.6901
26/06/2015,0.6889
29/06/2015,0.6834
30/06/2015,0.6822
1/7/2015,0.6789
2/7/2015,0.6707
3/7/2015,0.6714
6/7/2015,0.668
7/7/2015,0.6677
8/7/2015,0.6639
9/7/2015,0.6731
10/7/2015,0.6755
13/07/2015,0.672
14/07/2015,0.6681
15/07/2015,0.6718
16/07/2015,0.6548
17/07/2015,0.6532
20/07/2015,0.6517
21/07/2015,0.6595
22/07/2015,0.6625
23/07/2015,0.6612
24/07/2015,0.6598
27/07/2015,0.6594
28/07/2015,0.6628
29/07/2015,0.6712
30/07/2015,0.6642
31/07/2015,0.6577
3/8/2015,0.6589
4/8/2015,0.6562
5/8/2015,0.6527
6/8/2015,0.6536
7/8/2015,0.6546
10/8/2015,0.6622
11/8/2015,0.656
12/8/2015,0.6496
13/08/2015,0.6618
14/08/2015,0.6539
17/08/2015,0.6542
18/08/2015,0.6599
19/08/2015,0.6584
20/08/2015,0.6605
21/08/2015,0.6612
24/08/2015,0.6621
25/08/2015,0.6512
26/08/2015,0.6494
27/08/2015,0.6465
28/08/2015,0.6494
31/08/2015,0.642
1/9/2015,0.6368
2/9/2015,0.635
3/9/2015,0.6362
4/9/2015,0.6381
7/9/2015,0.6286
8/9/2015,0.6277
9/9/2015,0.6397
10/9/2015,0.6272
11/9/2015,0.6301
14/09/2015,0.6331
15/09/2015,0.6321
16/09/2015,0.6363
17/09/2015,0.6349
18/09/2015,0.6357
21/09/2015,0.6375
22/09/2015,0.6323
23/09/2015,0.6262
24/09/2015,0.6294
25/09/2015,0.6327
28/09/2015,0.6381
29/09/2015,0.6301
30/09/2015,0.6374
1/10/2015,0.6405
2/10/2015,0.6406
5/10/2015,0.6451
6/10/2015,0.6486
7/10/2015,0.654
8/10/2015,0.6617
9/10/2015,0.6667
12/10/2015,0.6684
13/10/2015,0.6685
14/10/2015,0.6657
15/10/2015,0.6812
16/10/2015,0.6832
19/10/2015,0.6787
20/10/2015,0.6798
21/10/2015,0.675
22/10/2015,0.6727
23/10/2015,0.683
27/10/2015,0.6778
28/10/2015,0.6753
29/10/2015,0.6678
30/10/2015,0.6731
2/11/2015,0.6767
3/11/2015,0.6763
4/11/2015,0.6645
5/11/2015,0.6589
6/11/2015,0.6604
9/11/2015,0.6524
10/11/2015,0.6527
11/11/2015,0.6546
12/11/2015,0.6574
13/11/2015,0.654
16/11/2015,0.6527
17/11/2015,0.6474
18/11/2015,0.6472
19/11/2015,0.6519
20/11/2015,0.6554
23/11/2015,0.6533
24/11/2015,0.6514
25/11/2015,0.6563
26/11/2015,0.6579
27/11/2015,0.6574
30/11/2015,0.6516
1/12/2015,0.6603
2/12/2015,0.6669
3/12/2015,0.6633
4/12/2015,0.6676
7/12/2015,0.6715
8/12/2015,0.664
9/12/2015,0.6637
10/12/2015,0.6776
11/12/2015,0.6742
14/12/2015,0.6709
15/12/2015,0.678
16/12/2015,0.6756
17/12/2015,0.6762
18/12/2015,0.6689
21/12/2015,0.6725
22/12/2015,0.6782
23/12/2015,0.6814
24/12/2015,0.6797
29/12/2015,0.6861
30/12/2015,0.6864
31/12/2015,0.6848
5/1/2016,0.675
6/1/2016,0.6693
7/1/2016,0.6644
8/1/2016,0.663
11/1/2016,0.653
12/1/2016,0.6559
13/01/2016,0.6557
14/01/2016,0.6473
15/01/2016,0.6476
18/01/2016,0.6438
19/01/2016,0.645
20/01/2016,0.6369
21/01/2016,0.6459
22/01/2016,0.6527
25/01/2016,0.6471
26/01/2016,0.6447
27/01/2016,0.65
28/01/2016,0.6436
29/01/2016,0.6482
1/2/2016,0.6459
2/2/2016,0.6538
3/2/2016,0.6535
4/2/2016,0.667
5/2/2016,0.6727
9/2/2016,0.6598
10/2/2016,0.663
11/2/2016,0.6721
12/2/2016,0.6684
15/02/2016,0.6634
16/02/2016,0.6667
17/02/2016,0.6574
18/02/2016,0.6638
19/02/2016,0.6627
22/02/2016,0.6636
23/02/2016,0.6699
24/02/2016,0.6635
25/02/2016,0.6656
26/02/2016,0.6765
29/02/2016,0.6579
1/3/2016,0.6604
2/3/2016,0.6634
3/3/2016,0.6663
4/3/2016,0.6731
7/3/2016,0.6794
8/3/2016,0.6781
9/3/2016,0.6747
10/3/2016,0.6629
11/3/2016,0.668
14/03/2016,0.6747
15/03/2016,0.6658
16/03/2016,0.6605
17/03/2016,0.677
18/03/2016,0.6841
21/03/2016,0.6772
22/03/2016,0.6763
23/03/2016,0.6766
24/03/2016,0.6701
29/03/2016,0.6735
30/03/2016,0.6863
31/03/2016,0.6913
1/4/2016,0.6931
4/4/2016,0.6893
5/4/2016,0.6814
6/4/2016,0.6809
7/4/2016,0.6816
8/4/2016,0.6789
11/4/2016,0.6803
12/4/2016,0.6868
13/04/2016,0.6934
14/04/2016,0.6847
15/04/2016,0.6884
18/04/2016,0.6905
19/04/2016,0.6984
20/04/2016,0.7017
21/04/2016,0.6965
22/04/2016,0.6932
26/04/2016,0.6879
27/04/2016,0.6879
28/04/2016,0.6905
29/04/2016,0.6985
2/5/2016,0.7008
3/5/2016,0.7047
4/5/2016,0.6892
5/5/2016,0.689
6/5/2016,0.6856
9/5/2016,0.6848
10/5/2016,0.6745
11/5/2016,0.6807
12/5/2016,0.6822
13/05/2016,0.6801
16/05/2016,0.6749
17/05/2016,0.6807
18/05/2016,0.6787
19/05/2016,0.674
20/05/2016,0.6767
23/05/2016,0.678
24/05/2016,0.6728
25/05/2016,0.6745
26/05/2016,0.6699
27/05/2016,0.6752
30/05/2016,0.6684
31/05/2016,0.6725
1/6/2016,0.6796
2/6/2016,0.6819
3/6/2016,0.6816
7/6/2016,0.6903
8/6/2016,0.6977
9/6/2016,0.7121
10/6/2016,0.7106
13/06/2016,0.7042
14/06/2016,0.7043
15/06/2016,0.6983
16/06/2016,0.7069
17/06/2016,0.7049
20/06/2016,0.7095
21/06/2016,0.7123
22/06/2016,0.7133
23/06/2016,0.7179
24/06/2016,0.7181
27/06/2016,0.7059
28/06/2016,0.7036
29/06/2016,0.7078
30/06/2016,0.71
1/7/2016,0.7128
4/7/2016,0.7183
5/7/2016,0.7202
6/7/2016,0.7093
7/7/2016,0.7141
8/7/2016,0.7271
11/7/2016,0.7286
12/7/2016,0.7247
13/07/2016,0.7264
14/07/2016,0.7284
15/07/2016,0.7151
18/07/2016,0.709
19/07/2016,0.7026
20/07/2016,0.7049
21/07/2016,0.6976
22/07/2016,0.6982
25/07/2016,0.6974
26/07/2016,0.6999
27/07/2016,0.704
28/07/2016,0.7096
29/07/2016,0.7109
1/8/2016,0.7212
2/8/2016,0.7176
3/8/2016,0.7202
4/8/2016,0.718
5/8/2016,0.7185
8/8/2016,0.7106
9/8/2016,0.7143
10/8/2016,0.7205
11/8/2016,0.728
12/8/2016,0.7199
15/08/2016,0.7194
16/08/2016,0.7203
17/08/2016,0.7283
18/08/2016,0.7305
19/08/2016,0.7255
22/08/2016,0.7224
23/08/2016,0.7311
24/08/2016,0.7275
25/08/2016,0.7328
26/08/2016,0.731
29/08/2016,0.7218
30/08/2016,0.7237
31/08/2016,0.7247
1/9/2016,0.726
2/9/2016,0.7282
5/9/2016,0.7308
6/9/2016,0.7308
7/9/2016,0.7419
8/9/2016,0.7472
9/9/2016,0.7404
12/9/2016,0.7321
13/09/2016,0.7341
14/09/2016,0.7251
15/09/2016,0.7273
16/09/2016,0.7314
19/09/2016,0.7294
20/09/2016,0.7309
21/09/2016,0.7314
22/09/2016,0.7337
23/09/2016,0.7279
26/09/2016,0.7243
27/09/2016,0.7265
28/09/2016,0.7289
29/09/2016,0.7287
30/09/2016,0.7231
3/10/2016,0.7265
4/10/2016,0.7298
5/10/2016,0.7186
6/10/2016,0.7162
7/10/2016,0.7141
10/10/2016,0.7169
11/10/2016,0.711
12/10/2016,0.7067
13/10/2016,0.7042
14/10/2016,0.7095
17/10/2016,0.7089
18/10/2016,0.7187
19/10/2016,0.7219
20/10/2016,0.7248
21/10/2016,0.7183
25/10/2016,0.713
26/10/2016,0.716
27/10/2016,0.7151
28/10/2016,0.7125
31/10/2016,0.7144
1/11/2016,0.7162
2/11/2016,0.7213
3/11/2016,0.7293
4/11/2016,0.7316
7/11/2016,0.7322
8/11/2016,0.7332
9/11/2016,0.7384
10/11/2016,0.7295
11/11/2016,0.7194
14/11/2016,0.7086
15/11/2016,0.7133
16/11/2016,0.7087
17/11/2016,0.7093
18/11/2016,0.7032
21/11/2016,0.7016
22/11/2016,0.7071
23/11/2016,0.7062
24/11/2016,0.6999
25/11/2016,0.7001
28/11/2016,0.7056
29/11/2016,0.7079
30/11/2016,0.714
1/12/2016,0.7085
2/12/2016,0.7091
5/12/2016,0.7084
6/12/2016,0.7151
7/12/2016,0.7123
8/12/2016,0.7203
9/12/2016,0.7175
12/12/2016,0.7125
13/12/2016,0.7199
14/12/2016,0.7199
15/12/2016,0.7086
16/12/2016,0.7026
19/12/2016,0.6972
20/12/2016,0.6928
21/12/2016,0.6923
22/12/2016,0.6909
23/12/2016,0.6906
28/12/2016,0.69
29/12/2016,0.692
30/12/2016,0.6968
4/1/2017,0.6896
5/1/2017,0.6997
6/1/2017,0.7014
9/1/2017,0.6967
10/1/2017,0.7012
11/1/2017,0.6976
12/1/2017,0.7053
13/01/2017,0.7108
16/01/2017,0.712
17/01/2017,0.7101
18/01/2017,0.7206
19/01/2017,0.7121
20/01/2017,0.7187
23/01/2017,0.7184
24/01/2017,0.7241
25/01/2017,0.7254
26/01/2017,0.7295
27/01/2017,0.7245
30/01/2017,0.7269
31/01/2017,0.7281
1/2/2017,0.7292
2/2/2017,0.73
3/2/2017,0.7286
7/2/2017,0.7307
8/2/2017,0.7306
9/2/2017,0.7236
10/2/2017,0.7185
13/02/2017,0.7192
14/02/2017,0.7181
15/02/2017,0.7155
16/02/2017,0.7236
17/02/2017,0.7212
20/02/2017,0.7183
21/02/2017,0.7163
22/02/2017,0.716
23/02/2017,0.7193
24/02/2017,0.7224
27/02/2017,0.7195
28/02/2017,0.7182
1/3/2017,0.7154
2/3/2017,0.7142
3/3/2017,0.7058
6/3/2017,0.7025
7/3/2017,0.6986
8/3/2017,0.6964
9/3/2017,0.6907
10/3/2017,0.6898
13/03/2017,0.6918
14/03/2017,0.6917
15/03/2017,0.6928
16/03/2017,0.7029
17/03/2017,0.6989
20/03/2017,0.7029
21/03/2017,0.7055
22/03/2017,0.7035
23/03/2017,0.7029
24/03/2017,0.7028
27/03/2017,0.7049
28/03/2017,0.7046
29/03/2017,0.7005
30/03/2017,0.7029
31/03/2017,0.6991
3/4/2017,0.701
4/4/2017,0.7002
5/4/2017,0.6977
6/4/2017,0.697
7/4/2017,0.6964
10/4/2017,0.6928
11/4/2017,0.6954
12/4/2017,0.6948
13/04/2017,0.6994
18/04/2017,0.7006
19/04/2017,0.7044
20/04/2017,0.7034
21/04/2017,0.6994
24/04/2017,0.7028
26/04/2017,0.694
27/04/2017,0.6901
28/04/2017,0.6877
1/5/2017,0.6857
2/5/2017,0.6927
3/5/2017,0.6951
4/5/2017,0.6886
5/5/2017,0.6867
8/5/2017,0.6905
9/5/2017,0.6918
10/5/2017,0.69
11/5/2017,0.6825
12/5/2017,0.6838
15/05/2017,0.6874
16/05/2017,0.6903
17/05/2017,0.6885
18/05/2017,0.6929
19/05/2017,0.6889
22/05/2017,0.693
23/05/2017,0.7007
24/05/2017,0.7015
25/05/2017,0.7049
26/05/2017,0.7018
29/05/2017,0.7046
30/05/2017,0.7041
31/05/2017,0.7101
1/6/2017,0.7074
2/6/2017,0.7071
6/6/2017,0.714
7/6/2017,0.7181
8/6/2017,0.72
9/6/2017,0.7217
12/6/2017,0.7207
13/06/2017,0.7217
14/06/2017,0.7219
15/06/2017,0.7233
16/06/2017,0.7211
19/06/2017,0.7293
20/06/2017,0.7233
21/06/2017,0.723
22/06/2017,0.7246
23/06/2017,0.7258
26/06/2017,0.7279
27/06/2017,0.7289
28/06/2017,0.7284
29/06/2017,0.733
30/06/2017,0.7326
3/7/2017,0.7334
4/7/2017,0.7266
5/7/2017,0.7286
6/7/2017,0.7265
7/7/2017,0.7284
10/7/2017,0.7267
11/7/2017,0.7241
12/7/2017,0.7224
13/07/2017,0.7268
14/07/2017,0.7324
17/07/2017,0.7331
18/07/2017,0.7312
19/07/2017,0.7345
20/07/2017,0.7351
21/07/2017,0.7402
24/07/2017,0.7439
25/07/2017,0.7424
26/07/2017,0.7433
27/07/2017,0.7538
28/07/2017,0.7487
31/07/2017,0.752
1/8/2017,0.7518
2/8/2017,0.7419
3/8/2017,0.7403
4/8/2017,0.7435
7/8/2017,0.7411
8/8/2017,0.7365
9/8/2017,0.7311
10/8/2017,0.733
11/8/2017,0.7258
14/08/2017,0.7316
15/08/2017,0.7307
16/08/2017,0.7233
17/08/2017,0.7317
18/08/2017,0.7292
21/08/2017,0.7316
22/08/2017,0.7325
23/08/2017,0.7242
24/08/2017,0.7217
25/08/2017,0.7205
28/08/2017,0.7249
29/08/2017,0.7249
30/08/2017,0.7255
31/08/2017,0.7173
1/9/2017,0.7179
4/9/2017,0.717
5/9/2017,0.7173
6/9/2017,0.7237
7/9/2017,0.7214
8/9/2017,0.726
11/9/2017,0.7234
12/9/2017,0.7242
13/09/2017,0.7281
14/09/2017,0.7256
15/09/2017,0.7223
18/09/2017,0.7307
19/09/2017,0.7268
20/09/2017,0.733
21/09/2017,0.7336
22/09/2017,0.729
25/09/2017,0.7285
26/09/2017,0.7242
27/09/2017,0.7196
28/09/2017,0.7232
29/09/2017,0.7221
2/10/2017,0.7207
3/10/2017,0.7179
4/10/2017,0.7191
5/10/2017,0.7161
6/10/2017,0.7106
9/10/2017,0.7071
10/10/2017,0.7071
11/10/2017,0.7094
12/10/2017,0.7095
13/10/2017,0.7134
16/10/2017,0.7178
17/10/2017,0.7186
18/10/2017,0.7167
19/10/2017,0.7163
20/10/2017,0.7005
24/10/2017,0.6984
25/10/2017,0.6896
26/10/2017,0.6876
27/10/2017,0.6829
30/10/2017,0.6859
31/10/2017,0.6856
1/11/2017,0.6887
2/11/2017,0.6912
3/11/2017,0.6922
6/11/2017,0.6899
7/11/2017,0.6952
8/11/2017,0.6905
9/11/2017,0.6946
10/11/2017,0.6955
13/11/2017,0.6925
14/11/2017,0.689
15/11/2017,0.6881
16/11/2017,0.686
17/11/2017,0.686
20/11/2017,0.6806
21/11/2017,0.6816
22/11/2017,0.6846
23/11/2017,0.6871
24/11/2017,0.6881
27/11/2017,0.6869
28/11/2017,0.6918
29/11/2017,0.6888
30/11/2017,0.6846
1/12/2017,0.6837
4/12/2017,0.6863
5/12/2017,0.6887
6/12/2017,0.6884
7/12/2017,0.6874
8/12/2017,0.6828
11/12/2017,0.6854
12/12/2017,0.6913
13/12/2017,0.6951
14/12/2017,0.7013
15/12/2017,0.6988
18/12/2017,0.7003
19/12/2017,0.7008
20/12/2017,0.6979
21/12/2017,0.7001
22/12/2017,0.7015
27/12/2017,0.7034
28/12/2017,0.7075
29/12/2017,0.7097
3/1/2018,0.7095
4/1/2018,0.7086
5/1/2018,0.7154
8/1/2018,0.7171
9/1/2018,0.718
10/1/2018,0.7152
11/1/2018,0.7201
12/1/2018,0.727
15/01/2018,0.7258
16/01/2018,0.7289
17/01/2018,0.7284
18/01/2018,0.7257
19/01/2018,0.7298
22/01/2018,0.728
23/01/2018,0.7334
24/01/2018,0.7356
25/01/2018,0.7351
26/01/2018,0.7321
29/01/2018,0.7347
30/01/2018,0.7323
31/01/2018,0.7347
1/2/2018,0.7368
2/2/2018,0.7388
5/2/2018,0.7301
7/2/2018,0.7333
8/2/2018,0.7212
9/2/2018,0.7218
12/2/2018,0.7251
13/02/2018,0.725
14/02/2018,0.728
15/02/2018,0.7376
16/02/2018,0.7393
19/02/2018,0.7397
20/02/2018,0.7364
21/02/2018,0.7341
22/02/2018,0.7316
23/02/2018,0.7326
26/02/2018,0.7283
27/02/2018,0.7299
28/02/2018,0.7233
1/3/2018,0.7197
2/3/2018,0.7269
5/3/2018,0.723
6/3/2018,0.7236
7/3/2018,0.7286
8/3/2018,0.7283
9/3/2018,0.7255
12/3/2018,0.7296
13/03/2018,0.7306
14/03/2018,0.7334
15/03/2018,0.732
16/03/2018,0.7259
19/03/2018,0.722
20/03/2018,0.7239
21/03/2018,0.7184
22/03/2018,0.7237
23/03/2018,0.7226
26/03/2018,0.7257
27/03/2018,0.7292
28/03/2018,0.7267
29/03/2018,0.7203
3/4/2018,0.7203
4/4/2018,0.7274
5/4/2018,0.7309
6/4/2018,0.7268
9/4/2018,0.7289
10/4/2018,0.7317
11/4/2018,0.7363
12/4/2018,0.7363
13/04/2018,0.7373
16/04/2018,0.7352
17/04/2018,0.7355
18/04/2018,0.7335
19/04/2018,0.7315
20/04/2018,0.7249
23/04/2018,0.7208
24/04/2018,0.7123
26/04/2018,0.7069
27/04/2018,0.7064
30/04/2018,0.7079
1/5/2018,0.7033
2/5/2018,0.701
3/5/2018,0.7007
4/5/2018,0.7051
7/5/2018,0.7029
8/5/2018,0.7019
9/5/2018,0.6961
10/5/2018,0.6921
11/5/2018,0.6961
14/05/2018,0.6972
15/05/2018,0.6915
16/05/2018,0.6863
17/05/2018,0.6913
18/05/2018,0.6886
21/05/2018,0.6904
22/05/2018,0.695
23/05/2018,0.6915
24/05/2018,0.6915
25/05/2018,0.6933
28/05/2018,0.6946
29/05/2018,0.693
30/05/2018,0.6906
31/05/2018,0.6971
1/6/2018,0.7011
5/6/2018,0.7036
6/6/2018,0.7037
7/6/2018,0.7039
8/6/2018,0.7024
11/6/2018,0.7042
12/6/2018,0.702
13/06/2018,0.7005
14/06/2018,0.7023
15/06/2018,0.6954
18/06/2018,0.6924
19/06/2018,0.6934
20/06/2018,0.6915
21/06/2018,0.6844
22/06/2018,0.6879
25/06/2018,0.6906
26/06/2018,0.6892
27/06/2018,0.682
28/06/2018,0.6773
29/06/2018,0.6741
2/7/2018,0.678
3/7/2018,0.6703
4/7/2018,0.6773
5/7/2018,0.6765
6/7/2018,0.6784
9/7/2018,0.6841
10/7/2018,0.6851
11/7/2018,0.6816
12/7/2018,0.6753
13/07/2018,0.6778
16/07/2018,0.6768
17/07/2018,0.6772
18/07/2018,0.6778
19/07/2018,0.6799
20/07/2018,0.6729
23/07/2018,0.6816
24/07/2018,0.6795
25/07/2018,0.6799
26/07/2018,0.6839
27/07/2018,0.6778
30/07/2018,0.68
31/07/2018,0.6823
1/8/2018,0.6805
2/8/2018,0.6792
3/8/2018,0.673
6/8/2018,0.6751
7/8/2018,0.6732
8/8/2018,0.6736
9/8/2018,0.667
10/8/2018,0.6602
13/08/2018,0.6585
14/08/2018,0.6591
15/08/2018,0.6564
16/08/2018,0.6578
17/08/2018,0.6596
20/08/2018,0.662
21/08/2018,0.6647
22/08/2018,0.6708
23/08/2018,0.6676
24/08/2018,0.6635
27/08/2018,0.6687
28/08/2018,0.6698
29/08/2018,0.6708
30/08/2018,0.6667
31/08/2018,0.6648
3/9/2018,0.6597
4/9/2018,0.6595
5/9/2018,0.6548
6/9/2018,0.6602
7/9/2018,0.6585
10/9/2018,0.6519
11/9/2018,0.6528
12/9/2018,0.6511
13/09/2018,0.6554
14/09/2018,0.6575
17/09/2018,0.6549
18/09/2018,0.6575
19/09/2018,0.6574
20/09/2018,0.6647
21/09/2018,0.6683
24/09/2018,0.6675
25/09/2018,0.6639
26/09/2018,0.6679
27/09/2018,0.6648
28/09/2018,0.6616
1/10/2018,0.6621
2/10/2018,0.6609
3/10/2018,0.6575
4/10/2018,0.6498
5/10/2018,0.6481
8/10/2018,0.6427
9/10/2018,0.6449
10/10/2018,0.6491
11/10/2018,0.6467
12/10/2018,0.6529
15/10/2018,0.6506
16/10/2018,0.6579
17/10/2018,0.6591
18/10/2018,0.6541
19/10/2018,0.6544
23/10/2018,0.6548
24/10/2018,0.6553
25/10/2018,0.6521
26/10/2018,0.6516
29/10/2018,0.6523
30/10/2018,0.6533
31/10/2018,0.6551
1/11/2018,0.654
2/11/2018,0.6662
5/11/2018,0.6656
6/11/2018,0.6663
7/11/2018,0.6757
8/11/2018,0.6778
9/11/2018,0.6755
12/11/2018,0.674
13/11/2018,0.6718
14/11/2018,0.6767
15/11/2018,0.6804
16/11/2018,0.6832
19/11/2018,0.6866
20/11/2018,0.6843
21/11/2018,0.6788
22/11/2018,0.6829
23/11/2018,0.6812
26/11/2018,0.677
27/11/2018,0.6768
28/11/2018,0.679
29/11/2018,0.6843
30/11/2018,0.6862
3/12/2018,0.6891
4/12/2018,0.693
5/12/2018,0.6943
6/12/2018,0.6883
7/12/2018,0.688
10/12/2018,0.6864
11/12/2018,0.6874
12/12/2018,0.6889
13/12/2018,0.6854
14/12/2018,0.6839
17/12/2018,0.679
18/12/2018,0.6826
19/12/2018,0.6855
20/12/2018,0.6778
21/12/2018,0.6773
24/12/2018,0.6726
27/12/2018,0.6732
28/12/2018,0.6711
31/12/2018,0.6713
1/3/2019,0.6620
1/4/2019,0.6682
1/7/2019,0.6733
1/8/2019,0.6746
1/9/2019,0.6743
1/10/2019,0.6791
1/11/2019,0.6787
1/14/2019,0.6826
1/15/2019,0.6834
1/16/2019,0.6823
1/17/2019,0.6776
1/18/2019,0.6761
1/21/2019,0.6734
1/22/2019,0.6725
1/23/2019,0.6766
1/24/2019,0.6797
1/25/2019,0.6761
1/28/2019,0.6842
1/29/2019,0.6826
1/30/2019,0.6828
1/31/2019,0.6903
2/1/2019,0.6918
2/4/2019,0.6895
2/5/2019,0.6874
2/7/2019,0.6769
2/8/2019,0.6737
2/11/2019,0.6765
2/12/2019,0.6722
2/13/2019,0.6791
2/14/2019,0.6811
2/15/2019,0.6818
2/18/2019,0.6880
2/19/2019,0.6844
2/20/2019,0.6875
2/21/2019,0.6864
2/22/2019,0.6811
2/25/2019,0.6878
2/26/2019,0.6879
2/27/2019,0.6895
2/28/2019,0.6838
3/1/2019,0.6812
3/4/2019,0.6810
3/5/2019,0.6815
3/6/2019,0.6787
3/7/2019,0.6779
3/8/2019,0.6757
3/11/2019,0.6794
3/12/2019,0.6831
3/13/2019,0.6855
3/14/2019,0.6850
3/15/2019,0.6842
3/18/2019,0.6845
3/19/2019,0.6844
3/20/2019,0.6835
3/21/2019,0.6929
3/22/2019,0.6883
3/25/2019,0.6877
3/26/2019,0.6917
3/27/2019,0.6832
3/28/2019,0.6791
3/29/2019,0.6785
4/1/2019,0.6822
4/2/2019,0.6789
4/3/2019,0.6764
4/4/2019,0.6795
4/5/2019,0.6752
4/8/2019,0.6732
4/9/2019,0.6741
4/10/2019,0.6744
4/11/2019,0.6767
4/12/2019,0.6728
4/15/2019,0.6775
4/16/2019,0.6749
